Unknown command: 'manage.py'
Type 'manage.py help' for usage.
Watching for file changes with StatReloader
[20/Jul/2023 01:06:34] "GET /admin/ HTTP/1.1" 200 9298
[20/Jul/2023 01:06:35] "GET /static/admin/css/base.css HTTP/1.1" 304 0
[20/Jul/2023 01:06:35] "GET /static/admin/css/dark_mode.css HTTP/1.1" 304 0
[20/Jul/2023 01:06:35] "GET /static/admin/css/nav_sidebar.css HTTP/1.1" 304 0
[20/Jul/2023 01:06:35] "GET /static/admin/css/dashboard.css HTTP/1.1" 200 441
[20/Jul/2023 01:06:35] "GET /static/admin/js/nav_sidebar.js HTTP/1.1" 304 0
[20/Jul/2023 01:06:35] "GET /static/admin/js/theme.js HTTP/1.1" 304 0
[20/Jul/2023 01:06:36] "GET /static/admin/css/responsive.css HTTP/1.1" 304 0
[20/Jul/2023 01:06:36] "GET /static/admin/img/icon-changelink.svg HTTP/1.1" 304 0
[20/Jul/2023 01:06:36] "GET /static/admin/img/icon-addlink.svg HTTP/1.1" 304 0
Not Found: /favicon.ico
[20/Jul/2023 01:06:37] "GET /favicon.ico HTTP/1.1" 404 2574
[20/Jul/2023 01:06:49] "GET /admin/web/projectmodel/ HTTP/1.1" 200 17366
[20/Jul/2023 01:06:50] "GET /admin/jsi18n/ HTTP/1.1" 200 8560
[20/Jul/2023 01:06:50] "GET /static/admin/js/core.js HTTP/1.1" 304 0
[20/Jul/2023 01:06:50] "GET /static/admin/js/vendor/jquery/jquery.js HTTP/1.1" 304 0
[20/Jul/2023 01:06:50] "GET /static/admin/js/jquery.init.js HTTP/1.1" 304 0
[20/Jul/2023 01:06:50] "GET /static/admin/js/admin/RelatedObjectLookups.js HTTP/1.1" 304 0
[20/Jul/2023 01:06:50] "GET /static/admin/js/prepopulate.js HTTP/1.1" 304 0
[20/Jul/2023 01:06:50] "GET /static/admin/css/changelists.css HTTP/1.1" 304 0
[20/Jul/2023 01:06:50] "GET /static/admin/js/vendor/xregexp/xregexp.js HTTP/1.1" 304 0
[20/Jul/2023 01:06:51] "GET /static/admin/js/actions.js HTTP/1.1" 304 0
[20/Jul/2023 01:06:51] "GET /static/admin/js/urlify.js HTTP/1.1" 304 0
[20/Jul/2023 01:06:51] "GET /static/admin/js/filters.js HTTP/1.1" 304 0
[20/Jul/2023 01:06:51] "GET /static/admin/img/search.svg HTTP/1.1" 304 0
[20/Jul/2023 01:06:51] "GET /static/admin/img/tooltag-add.svg HTTP/1.1" 304 0
[20/Jul/2023 01:06:51] "GET /static/admin/img/sorting-icons.svg HTTP/1.1" 200 1097
[20/Jul/2023 01:06:51] "GET /static/admin/img/icon-no.svg HTTP/1.1" 200 560
[20/Jul/2023 01:08:21] "GET /admin/web/projectmodel/13/change/ HTTP/1.1" 200 17398
[20/Jul/2023 01:08:22] "GET /static/ckeditor/ckeditor.css HTTP/1.1" 200 672
[20/Jul/2023 01:08:22] "GET /static/ckeditor/ckeditor-init.js HTTP/1.1" 200 1526
[20/Jul/2023 01:08:22] "GET /admin/jsi18n/ HTTP/1.1" 200 8560
[20/Jul/2023 01:08:22] "GET /static/admin/js/calendar.js HTTP/1.1" 304 0
[20/Jul/2023 01:08:22] "GET /static/admin/js/admin/DateTimeShortcuts.js HTTP/1.1" 304 0
[20/Jul/2023 01:08:22] "GET /static/admin/css/forms.css HTTP/1.1" 304 0
[20/Jul/2023 01:08:22] "GET /static/admin/css/widgets.css HTTP/1.1" 304 0
[20/Jul/2023 01:08:22] "GET /static/ckeditor/ckeditor/ckeditor.js HTTP/1.1" 200 758081
[20/Jul/2023 01:08:24] "GET /static/admin/js/change_form.js HTTP/1.1" 304 0
[20/Jul/2023 01:08:24] "GET /static/admin/img/icon-viewlink.svg HTTP/1.1" 304 0
[20/Jul/2023 01:08:24] "GET /static/admin/js/prepopulate_init.js HTTP/1.1" 304 0
[20/Jul/2023 01:08:24] "GET /static/admin/img/icon-calendar.svg HTTP/1.1" 304 0
[20/Jul/2023 01:08:24] "GET /static/ckeditor/ckeditor/config.js?t=N2M9 HTTP/1.1" 200 336
[20/Jul/2023 01:08:24] "GET /static/ckeditor/ckeditor/skins/moono-lisa/editor.css?t=N2M9 HTTP/1.1" 200 48309
[20/Jul/2023 01:08:24] "GET /static/ckeditor/ckeditor/lang/zh-cn.js?t=N2M9 HTTP/1.1" 200 17296
[20/Jul/2023 01:08:25] "GET /static/ckeditor/ckeditor/styles.js?t=N2M9 HTTP/1.1" 200 5577
[20/Jul/2023 01:08:25] "GET /static/ckeditor/ckeditor/plugins/scayt/dialogs/dialog.css?t=N2M9 HTTP/1.1" 200 419
[20/Jul/2023 01:08:25] "GET /static/ckeditor/ckeditor/plugins/dialog/styles/dialog.css?t=N2M9 HTTP/1.1" 200 249
[20/Jul/2023 01:08:25] "GET /static/ckeditor/ckeditor/plugins/copyformatting/styles/copyformatting.css?t=N2M9 HTTP/1.1" 200 1511
[20/Jul/2023 01:08:25] "GET /static/ckeditor/ckeditor/plugins/tableselection/styles/tableselection.css?t=N2M9 HTTP/1.1" 200 1145
[20/Jul/2023 01:08:25] "GET /static/ckeditor/ckeditor/plugins/scayt/skins/moono-lisa/scayt.css?t=N2M9 HTTP/1.1" 200 381
[20/Jul/2023 01:08:25] "GET /static/ckeditor/ckeditor/skins/moono-lisa/icons.png?t=d529d176d7 HTTP/1.1" 200 12237
[20/Jul/2023 01:08:26] "GET /static/ckeditor/ckeditor/contents.css?t=N2M9 HTTP/1.1" 200 3092
[20/Jul/2023 01:08:34] "GET /static/ckeditor/ckeditor/plugins/magicline/images/icon.png?t=N2M9 HTTP/1.1" 200 133
[20/Jul/2023 01:10:37] "POST /admin/web/projectmodel/13/change/ HTTP/1.1" 302 0
[20/Jul/2023 01:10:37] "GET /admin/web/projectmodel/ HTTP/1.1" 200 17565
[20/Jul/2023 01:10:38] "GET /admin/jsi18n/ HTTP/1.1" 200 8560
[20/Jul/2023 01:10:38] "GET /static/admin/img/icon-yes.svg HTTP/1.1" 200 436
Watching for file changes with StatReloader
[20/Jul/2023 01:22:11] "GET /admin/web/projectmodel/13/change/ HTTP/1.1" 200 19056
[20/Jul/2023 01:22:12] "GET /admin/jsi18n/ HTTP/1.1" 200 8560
[20/Jul/2023 01:22:12] "GET /static/ckeditor/ckeditor/skins/moono/skin.js?t=N2M9 HTTP/1.1" 404 1883
Not Found: /favicon.ico
[20/Jul/2023 01:22:13] "GET /favicon.ico HTTP/1.1" 404 2574
[20/Jul/2023 01:22:13] "GET /static/ckeditor/ckeditor/skins/moono/editor.css?t=N2M9 HTTP/1.1" 200 43055
[20/Jul/2023 01:22:13] "GET /static/ckeditor/ckeditor/plugins/autoembed/plugin.js?t=N2M9 HTTP/1.1" 200 2334
[20/Jul/2023 01:22:13] "GET /static/ckeditor/ckeditor/plugins/autolink/plugin.js?t=N2M9 HTTP/1.1" 200 584
[20/Jul/2023 01:22:13] "GET /static/ckeditor/ckeditor/plugins/embedsemantic/plugin.js?t=N2M9 HTTP/1.1" 200 1460
[20/Jul/2023 01:22:13] "GET /static/ckeditor/ckeditor/plugins/autogrow/plugin.js?t=N2M9 HTTP/1.1" 200 1912
[20/Jul/2023 01:22:14] "GET /static/ckeditor/ckeditor/plugins/embedbase/plugin.js?t=N2M9 HTTP/1.1" 200 3405
[20/Jul/2023 01:22:14] "GET /static/ckeditor/ckeditor/plugins/autoembed/lang/zh.js?t=N2M9 HTTP/1.1" 200 162
[20/Jul/2023 01:22:15] "GET /static/ckeditor/ckeditor/plugins/embedbase/lang/zh-cn.js?t=N2M9 HTTP/1.1" 200 418
[20/Jul/2023 01:22:15] "GET /static/ckeditor/ckeditor/skins/moono/icons.png?t=b47abaf HTTP/1.1" 200 20634
[20/Jul/2023 01:22:18] "GET /admin/web/projectmodel/13/change/ HTTP/1.1" 200 19056
[20/Jul/2023 01:22:18] "GET /static/admin/css/dark_mode.css HTTP/1.1" 200 2929
[20/Jul/2023 01:22:18] "GET /static/admin/css/nav_sidebar.css HTTP/1.1" 200 2694
[20/Jul/2023 01:22:18] "GET /static/admin/css/forms.css HTTP/1.1" 200 9047
[20/Jul/2023 01:22:18] "GET /static/admin/css/base.css HTTP/1.1" 200 21207
[20/Jul/2023 01:22:18] "GET /static/ckeditor/ckeditor.css HTTP/1.1" 200 672
[20/Jul/2023 01:22:18] "GET /static/admin/css/responsive.css HTTP/1.1" 200 18533
[20/Jul/2023 01:22:18] "GET /static/admin/js/calendar.js HTTP/1.1" 200 8466
[20/Jul/2023 01:22:18] "GET /static/admin/css/widgets.css HTTP/1.1" 200 11900
[20/Jul/2023 01:22:18] "GET /static/ckeditor/ckeditor-init.js HTTP/1.1" 200 1526
[20/Jul/2023 01:22:19] "GET /static/admin/js/vendor/jquery/jquery.js HTTP/1.1" 200 292458
[20/Jul/2023 01:22:19] "GET /static/admin/js/jquery.init.js HTTP/1.1" 200 347
[20/Jul/2023 01:22:19] "GET /static/admin/js/admin/DateTimeShortcuts.js HTTP/1.1" 200 19319
[20/Jul/2023 01:22:19] "GET /admin/jsi18n/ HTTP/1.1" 200 8560
[20/Jul/2023 01:22:19] "GET /static/admin/js/core.js HTTP/1.1" 200 5682
[20/Jul/2023 01:22:19] "GET /static/admin/js/admin/RelatedObjectLookups.js HTTP/1.1" 200 8943
[20/Jul/2023 01:22:19] "GET /static/admin/js/actions.js HTTP/1.1" 200 7872
[20/Jul/2023 01:22:19] "GET /static/admin/js/urlify.js HTTP/1.1" 200 7887
[20/Jul/2023 01:22:19] "GET /static/admin/js/prepopulate.js HTTP/1.1" 200 1531
[20/Jul/2023 01:22:22] "GET /static/admin/js/vendor/xregexp/xregexp.js HTTP/1.1" 200 232381
[20/Jul/2023 01:22:23] "GET /static/ckeditor/ckeditor/ckeditor.js HTTP/1.1" 200 758081
[20/Jul/2023 01:22:23] "GET /static/admin/js/prepopulate_init.js HTTP/1.1" 200 586
[20/Jul/2023 01:22:23] "GET /static/admin/js/theme.js HTTP/1.1" 200 1943
[20/Jul/2023 01:22:24] "GET /static/admin/img/icon-changelink.svg HTTP/1.1" 200 380
[20/Jul/2023 01:22:24] "GET /static/admin/img/icon-addlink.svg HTTP/1.1" 200 331
[20/Jul/2023 01:22:24] "GET /static/admin/js/change_form.js HTTP/1.1" 200 606
[20/Jul/2023 01:22:24] "GET /static/admin/img/icon-viewlink.svg HTTP/1.1" 200 581
[20/Jul/2023 01:22:24] "GET /static/admin/js/nav_sidebar.js HTTP/1.1" 200 3063
[20/Jul/2023 01:22:25] "GET /static/admin/img/icon-calendar.svg HTTP/1.1" 200 1086
Not Found: /favicon.ico
[20/Jul/2023 01:22:25] "GET /favicon.ico HTTP/1.1" 404 2574
[20/Jul/2023 01:22:25] "GET /static/ckeditor/ckeditor/skins/moono/skin.js?t=N2M9 HTTP/1.1" 404 1883
[20/Jul/2023 01:23:16] "GET /admin/web/projectmodel/ HTTP/1.1" 200 17366
[20/Jul/2023 01:23:17] "GET /admin/jsi18n/ HTTP/1.1" 200 8560
[20/Jul/2023 01:23:19] "GET /admin/web/projectmodel/13/change/ HTTP/1.1" 200 19056
[20/Jul/2023 01:23:19] "GET /admin/jsi18n/ HTTP/1.1" 200 8560
[20/Jul/2023 01:23:20] "GET /static/ckeditor/ckeditor/skins/moono/skin.js?t=N2M9 HTTP/1.1" 404 1883
[20/Jul/2023 01:24:31] "POST /admin/web/projectmodel/13/change/ HTTP/1.1" 302 0
[20/Jul/2023 01:24:32] "GET /admin/web/projectmodel/ HTTP/1.1" 200 17565
[20/Jul/2023 01:24:32] "GET /admin/jsi18n/ HTTP/1.1" 200 8560
[20/Jul/2023 01:24:35] "GET /admin/web/projectmodel/12/change/ HTTP/1.1" 200 18927
[20/Jul/2023 01:24:36] "GET /admin/jsi18n/ HTTP/1.1" 200 8560
[20/Jul/2023 01:24:36] "GET /static/ckeditor/ckeditor/skins/moono/skin.js?t=N2M9 HTTP/1.1" 404 1883
[20/Jul/2023 01:25:23] "POST /admin/web/projectmodel/12/change/ HTTP/1.1" 302 0
[20/Jul/2023 01:25:23] "GET /admin/web/projectmodel/ HTTP/1.1" 200 17565
[20/Jul/2023 01:25:23] "GET /admin/jsi18n/ HTTP/1.1" 200 8560
[20/Jul/2023 01:25:26] "GET /admin/web/projectmodel/3/change/ HTTP/1.1" 200 19470
[20/Jul/2023 01:25:26] "GET /admin/jsi18n/ HTTP/1.1" 200 8560
[20/Jul/2023 01:25:27] "GET /static/ckeditor/ckeditor/skins/moono/skin.js?t=N2M9 HTTP/1.1" 404 1883
[20/Jul/2023 01:31:28] "POST /admin/web/projectmodel/3/change/ HTTP/1.1" 302 0
[20/Jul/2023 01:31:29] "GET /admin/web/projectmodel/ HTTP/1.1" 200 17576
[20/Jul/2023 01:31:29] "GET /admin/jsi18n/ HTTP/1.1" 200 8560
[20/Jul/2023 01:31:31] "GET /admin/web/projectmodel/3/change/ HTTP/1.1" 200 20131
[20/Jul/2023 01:31:31] "GET /admin/jsi18n/ HTTP/1.1" 200 8560
[20/Jul/2023 01:31:32] "GET /static/ckeditor/ckeditor/skins/moono/skin.js?t=N2M9 HTTP/1.1" 404 1883
[20/Jul/2023 01:33:11] "POST /admin/web/projectmodel/3/change/ HTTP/1.1" 302 0
[20/Jul/2023 01:33:12] "GET /admin/web/projectmodel/ HTTP/1.1" 200 17576
[20/Jul/2023 01:33:12] "GET /admin/jsi18n/ HTTP/1.1" 200 8560
[20/Jul/2023 01:33:41] "GET /admin/web/projectmodel/8/change/ HTTP/1.1" 200 19119
[20/Jul/2023 01:33:41] "GET /admin/jsi18n/ HTTP/1.1" 200 8560
[20/Jul/2023 01:33:42] "GET /static/ckeditor/ckeditor/skins/moono/skin.js?t=N2M9 HTTP/1.1" 404 1883
[20/Jul/2023 01:34:43] "POST /admin/web/projectmodel/8/change/ HTTP/1.1" 302 0
[20/Jul/2023 01:34:44] "GET /admin/web/projectmodel/ HTTP/1.1" 200 17576
[20/Jul/2023 01:34:44] "GET /admin/jsi18n/ HTTP/1.1" 200 8560
[20/Jul/2023 01:34:48] "GET /admin/web/projectmodel/2/change/ HTTP/1.1" 200 19561
[20/Jul/2023 01:34:48] "GET /admin/jsi18n/ HTTP/1.1" 200 8560
[20/Jul/2023 01:34:49] "GET /static/ckeditor/ckeditor/skins/moono/skin.js?t=N2M9 HTTP/1.1" 404 1883
[20/Jul/2023 01:35:18] "GET /admin/login/?next=/admin/web/projectmodel/8/change/%3F_changelist_filters%3Dpriority__exact%253D1 HTTP/1.1" 200 4334
[20/Jul/2023 01:35:18] "GET /static/admin/css/login.css HTTP/1.1" 304 0
[20/Jul/2023 01:35:18] "GET /static/admin/css/nav_sidebar.css HTTP/1.1" 304 0
[20/Jul/2023 01:35:18] "GET /static/admin/css/dark_mode.css HTTP/1.1" 304 0
[20/Jul/2023 01:35:18] "GET /static/admin/css/base.css HTTP/1.1" 304 0
[20/Jul/2023 01:35:18] "GET /static/admin/css/responsive.css HTTP/1.1" 304 0
[20/Jul/2023 01:35:18] "GET /static/admin/js/theme.js HTTP/1.1" 304 0
[20/Jul/2023 01:35:18] "GET /static/admin/js/nav_sidebar.js HTTP/1.1" 304 0
Not Found: /favicon.ico
[20/Jul/2023 01:35:18] "GET /favicon.ico HTTP/1.1" 404 2574
[20/Jul/2023 01:35:25] "POST /admin/login/?next=/admin/web/projectmodel/8/change/%3F_changelist_filters%3Dpriority__exact%253D1 HTTP/1.1" 302 0
[20/Jul/2023 01:35:25] "GET /admin/web/projectmodel/8/change/?_changelist_filters=priority__exact%3D1 HTTP/1.1" 200 19640
[20/Jul/2023 01:35:25] "GET /static/admin/css/forms.css HTTP/1.1" 200 9047
[20/Jul/2023 01:35:25] "GET /static/ckeditor/ckeditor.css HTTP/1.1" 200 672
[20/Jul/2023 01:35:25] "GET /admin/jsi18n/ HTTP/1.1" 200 8560
[20/Jul/2023 01:35:25] "GET /static/admin/js/calendar.js HTTP/1.1" 200 8466
[20/Jul/2023 01:35:25] "GET /static/ckeditor/ckeditor-init.js HTTP/1.1" 200 1526
[20/Jul/2023 01:35:25] "GET /static/admin/js/core.js HTTP/1.1" 200 5682
[20/Jul/2023 01:35:25] "GET /static/admin/js/admin/DateTimeShortcuts.js HTTP/1.1" 200 19319
[20/Jul/2023 01:35:25] "GET /static/admin/css/widgets.css HTTP/1.1" 200 11900
[20/Jul/2023 01:35:25] "GET /static/admin/js/urlify.js HTTP/1.1" 200 7887
[20/Jul/2023 01:35:25] "GET /static/admin/js/vendor/jquery/jquery.js HTTP/1.1" 200 292458
[20/Jul/2023 01:35:26] "GET /static/admin/js/jquery.init.js HTTP/1.1" 200 347
[20/Jul/2023 01:35:26] "GET /static/ckeditor/ckeditor/ckeditor.js HTTP/1.1" 200 758081
[20/Jul/2023 01:35:26] "GET /static/admin/js/admin/RelatedObjectLookups.js HTTP/1.1" 200 8943
[20/Jul/2023 01:35:26] "GET /static/admin/js/prepopulate.js HTTP/1.1" 200 1531
[20/Jul/2023 01:35:26] "GET /static/admin/js/actions.js HTTP/1.1" 200 7872
[20/Jul/2023 01:35:27] "GET /static/admin/js/vendor/xregexp/xregexp.js HTTP/1.1" 200 232381
[20/Jul/2023 01:35:28] "GET /static/admin/js/prepopulate_init.js HTTP/1.1" 200 586
[20/Jul/2023 01:35:28] "GET /static/admin/img/icon-changelink.svg HTTP/1.1" 200 380
[20/Jul/2023 01:35:28] "GET /static/admin/img/icon-addlink.svg HTTP/1.1" 200 331
[20/Jul/2023 01:35:28] "GET /static/admin/img/icon-viewlink.svg HTTP/1.1" 200 581
[20/Jul/2023 01:35:28] "GET /static/admin/js/change_form.js HTTP/1.1" 200 606
[20/Jul/2023 01:35:28] "GET /static/admin/img/icon-calendar.svg HTTP/1.1" 200 1086
[20/Jul/2023 01:35:28] "GET /static/ckeditor/ckeditor/config.js?t=N2M9 HTTP/1.1" 200 336
[20/Jul/2023 01:35:28] "GET /static/ckeditor/ckeditor/skins/moono/skin.js?t=N2M9 HTTP/1.1" 404 1883
[20/Jul/2023 01:35:28] "GET /static/ckeditor/ckeditor/skins/moono/editor.css?t=N2M9 HTTP/1.1" 200 43055
[20/Jul/2023 01:35:28] "GET /static/ckeditor/ckeditor/lang/zh-cn.js?t=N2M9 HTTP/1.1" 200 17296
[20/Jul/2023 01:35:29] "GET /static/ckeditor/ckeditor/styles.js?t=N2M9 HTTP/1.1" 200 5577
[20/Jul/2023 01:35:29] "GET /static/ckeditor/ckeditor/plugins/autolink/plugin.js?t=N2M9 HTTP/1.1" 200 584
[20/Jul/2023 01:35:29] "GET /static/ckeditor/ckeditor/plugins/autoembed/plugin.js?t=N2M9 HTTP/1.1" 200 2334
[20/Jul/2023 01:35:29] "GET /static/ckeditor/ckeditor/plugins/embedsemantic/plugin.js?t=N2M9 HTTP/1.1" 200 1460
[20/Jul/2023 01:35:29] "GET /static/ckeditor/ckeditor/plugins/autogrow/plugin.js?t=N2M9 HTTP/1.1" 200 1912
[20/Jul/2023 01:35:29] "GET /static/ckeditor/ckeditor/plugins/embedbase/plugin.js?t=N2M9 HTTP/1.1" 200 3405
[20/Jul/2023 01:35:29] "GET /static/ckeditor/ckeditor/plugins/scayt/dialogs/dialog.css?t=N2M9 HTTP/1.1" 200 419
[20/Jul/2023 01:35:29] "GET /static/ckeditor/ckeditor/plugins/tableselection/styles/tableselection.css?t=N2M9 HTTP/1.1" 200 1145
[20/Jul/2023 01:35:29] "GET /static/ckeditor/ckeditor/plugins/autoembed/lang/zh.js?t=N2M9 HTTP/1.1" 200 162
[20/Jul/2023 01:35:29] "GET /static/ckeditor/ckeditor/plugins/embedbase/lang/zh-cn.js?t=N2M9 HTTP/1.1" 200 418
[20/Jul/2023 01:35:29] "GET /static/ckeditor/ckeditor/plugins/copyformatting/styles/copyformatting.css?t=N2M9 HTTP/1.1" 200 1511
[20/Jul/2023 01:35:29] "GET /static/ckeditor/ckeditor/plugins/dialog/styles/dialog.css?t=N2M9 HTTP/1.1" 200 249
[20/Jul/2023 01:35:29] "GET /static/ckeditor/ckeditor/skins/moono/icons_hidpi.png?t=b47abaf HTTP/1.1" 200 67753
[20/Jul/2023 01:35:29] "GET /static/ckeditor/ckeditor/contents.css?t=N2M9 HTTP/1.1" 200 3092
[20/Jul/2023 01:35:40] "GET /admin/ HTTP/1.1" 200 9298
[20/Jul/2023 01:35:40] "GET /static/admin/css/dashboard.css HTTP/1.1" 200 441
[20/Jul/2023 01:35:41] "GET /admin/web/projectmodel/ HTTP/1.1" 200 17366
[20/Jul/2023 01:35:41] "GET /admin/jsi18n/ HTTP/1.1" 200 8560
[20/Jul/2023 01:35:41] "GET /static/admin/css/changelists.css HTTP/1.1" 200 6566
[20/Jul/2023 01:35:41] "GET /static/admin/img/search.svg HTTP/1.1" 200 458
[20/Jul/2023 01:35:41] "GET /static/admin/js/filters.js HTTP/1.1" 200 978
[20/Jul/2023 01:35:41] "GET /static/admin/img/icon-no.svg HTTP/1.1" 200 560
[20/Jul/2023 01:35:42] "GET /static/admin/img/tooltag-add.svg HTTP/1.1" 200 331
[20/Jul/2023 01:35:42] "GET /static/admin/img/sorting-icons.svg HTTP/1.1" 200 1097
[20/Jul/2023 01:35:43] "GET /admin/web/projectmodel/13/change/ HTTP/1.1" 200 19222
[20/Jul/2023 01:35:43] "GET /admin/jsi18n/ HTTP/1.1" 200 8560
[20/Jul/2023 01:35:43] "GET /static/ckeditor/ckeditor/skins/moono/skin.js?t=N2M9 HTTP/1.1" 404 1883
[20/Jul/2023 01:35:47] "GET /admin/ HTTP/1.1" 200 9298
[20/Jul/2023 01:35:48] "GET /admin/web/projectmodel/ HTTP/1.1" 200 17366
[20/Jul/2023 01:35:48] "GET /admin/jsi18n/ HTTP/1.1" 200 8560
[20/Jul/2023 01:35:53] "GET /admin/web/projectmodel/3/change/ HTTP/1.1" 200 20579
[20/Jul/2023 01:35:53] "GET /admin/jsi18n/ HTTP/1.1" 200 8560
[20/Jul/2023 01:35:53] "GET /static/ckeditor/ckeditor/skins/moono/skin.js?t=N2M9 HTTP/1.1" 404 1883
[20/Jul/2023 01:35:59] "GET /admin/web/projectmodel/ HTTP/1.1" 200 17366
[20/Jul/2023 01:39:22] "POST /admin/web/projectmodel/2/change/ HTTP/1.1" 302 0
[20/Jul/2023 01:39:22] "GET /admin/web/projectmodel/ HTTP/1.1" 200 17573
[20/Jul/2023 01:39:23] "GET /admin/jsi18n/ HTTP/1.1" 200 8560
[20/Jul/2023 01:39:37] "GET /admin/web/projectmodel/10/change/ HTTP/1.1" 200 18943
[20/Jul/2023 01:39:38] "GET /admin/jsi18n/ HTTP/1.1" 200 8560
[20/Jul/2023 01:39:38] "GET /static/ckeditor/ckeditor/skins/moono/skin.js?t=N2M9 HTTP/1.1" 404 1883
[20/Jul/2023 01:39:50] "POST /admin/web/projectmodel/10/change/ HTTP/1.1" 302 0
[20/Jul/2023 01:39:50] "GET /admin/web/projectmodel/ HTTP/1.1" 200 17571
[20/Jul/2023 01:39:51] "GET /admin/jsi18n/ HTTP/1.1" 200 8560
[20/Jul/2023 01:39:54] "GET /admin/web/projectmodel/1/change/ HTTP/1.1" 200 19028
[20/Jul/2023 01:39:55] "GET /admin/jsi18n/ HTTP/1.1" 200 8560
[20/Jul/2023 01:39:56] "GET /static/ckeditor/ckeditor/skins/moono/skin.js?t=N2M9 HTTP/1.1" 404 1883
[20/Jul/2023 01:40:04] "GET /admin/web/projectmodel/ HTTP/1.1" 200 17366
[20/Jul/2023 01:40:07] "GET /admin/web/projectmodel/5/change/ HTTP/1.1" 200 18902
[20/Jul/2023 01:40:07] "GET /admin/jsi18n/ HTTP/1.1" 200 8560
[20/Jul/2023 01:40:08] "GET /static/ckeditor/ckeditor/skins/moono/skin.js?t=N2M9 HTTP/1.1" 404 1883
[20/Jul/2023 01:40:11] "GET /admin/web/projectmodel/ HTTP/1.1" 200 17366
[20/Jul/2023 01:40:14] "GET /admin/web/projectmodel/9/change/ HTTP/1.1" 200 18983
[20/Jul/2023 01:40:15] "GET /admin/jsi18n/ HTTP/1.1" 200 8560
[20/Jul/2023 01:40:16] "GET /static/ckeditor/ckeditor/skins/moono/skin.js?t=N2M9 HTTP/1.1" 404 1883
[20/Jul/2023 01:40:42] "POST /admin/web/projectmodel/9/change/ HTTP/1.1" 302 0
[20/Jul/2023 01:40:43] "GET /admin/web/projectmodel/ HTTP/1.1" 200 17564
[20/Jul/2023 01:40:43] "GET /admin/jsi18n/ HTTP/1.1" 200 8560
[20/Jul/2023 01:40:46] "GET /admin/web/projectmodel/11/change/ HTTP/1.1" 200 18970
[20/Jul/2023 01:40:46] "GET /admin/jsi18n/ HTTP/1.1" 200 8560
[20/Jul/2023 01:40:47] "GET /static/ckeditor/ckeditor/skins/moono/skin.js?t=N2M9 HTTP/1.1" 404 1883
[20/Jul/2023 01:40:56] "POST /admin/web/projectmodel/11/change/ HTTP/1.1" 302 0
[20/Jul/2023 01:40:56] "GET /admin/web/projectmodel/ HTTP/1.1" 200 17579
[20/Jul/2023 01:40:56] "GET /admin/jsi18n/ HTTP/1.1" 200 8560
[20/Jul/2023 01:41:06] "GET /admin/web/projectmodel/7/change/ HTTP/1.1" 200 18943
[20/Jul/2023 01:41:07] "GET /admin/jsi18n/ HTTP/1.1" 200 8560
[20/Jul/2023 01:41:08] "GET /static/ckeditor/ckeditor/skins/moono/skin.js?t=N2M9 HTTP/1.1" 404 1883
[20/Jul/2023 01:41:28] "POST /admin/web/projectmodel/7/change/ HTTP/1.1" 302 0
[20/Jul/2023 01:41:28] "GET /admin/web/projectmodel/ HTTP/1.1" 200 17570
[20/Jul/2023 01:41:28] "GET /admin/jsi18n/ HTTP/1.1" 200 8560
[20/Jul/2023 01:41:31] "GET /admin/web/projectmodel/6/change/ HTTP/1.1" 200 18940
[20/Jul/2023 01:41:31] "GET /admin/jsi18n/ HTTP/1.1" 200 8560
[20/Jul/2023 01:41:32] "GET /static/ckeditor/ckeditor/skins/moono/skin.js?t=N2M9 HTTP/1.1" 404 1883
[20/Jul/2023 01:41:34] "GET /admin/web/projectmodel/ HTTP/1.1" 200 17366
[20/Jul/2023 01:41:37] "GET /admin/web/projectmodel/4/change/ HTTP/1.1" 200 18885
[20/Jul/2023 01:41:37] "GET /admin/jsi18n/ HTTP/1.1" 200 8560
[20/Jul/2023 01:41:38] "GET /static/ckeditor/ckeditor/skins/moono/skin.js?t=N2M9 HTTP/1.1" 404 1883
[20/Jul/2023 01:41:42] "GET /admin/web/projectmodel/ HTTP/1.1" 200 17366
[20/Jul/2023 01:41:49] "GET /admin/web/projectmodel/2/change/ HTTP/1.1" 200 20731
[20/Jul/2023 01:41:49] "GET /admin/jsi18n/ HTTP/1.1" 200 8560
[20/Jul/2023 01:41:49] "GET /static/ckeditor/ckeditor/skins/moono/skin.js?t=N2M9 HTTP/1.1" 404 1883
[20/Jul/2023 01:41:55] "GET /admin/web/projectmodel/ HTTP/1.1" 200 17366
[20/Jul/2023 01:42:02] "GET /admin/web/projectmodel/?priority__exact=2 HTTP/1.1" 200 13811
[20/Jul/2023 01:42:02] "GET /admin/jsi18n/ HTTP/1.1" 200 8560
[20/Jul/2023 01:42:11] "GET /admin/web/projectmodel/3/change/?_changelist_filters=priority__exact%3D2 HTTP/1.1" 200 20709
[20/Jul/2023 01:42:11] "GET /admin/jsi18n/ HTTP/1.1" 200 8560
[20/Jul/2023 01:42:11] "GET /static/ckeditor/ckeditor/skins/moono/skin.js?t=N2M9 HTTP/1.1" 404 1883
[20/Jul/2023 01:42:19] "GET /admin/web/projectmodel/?priority__exact=2 HTTP/1.1" 200 13811
[20/Jul/2023 01:42:23] "GET /admin/web/projectmodel/?priority__exact=1 HTTP/1.1" 200 14785
[20/Jul/2023 01:42:23] "GET /admin/jsi18n/ HTTP/1.1" 200 8560
[20/Jul/2023 01:42:30] "GET /admin/web/projectmodel/8/change/?_changelist_filters=priority__exact%3D1 HTTP/1.1" 200 19640
[20/Jul/2023 01:42:30] "GET /admin/jsi18n/ HTTP/1.1" 200 8560
[20/Jul/2023 01:42:30] "GET /static/ckeditor/ckeditor/skins/moono/skin.js?t=N2M9 HTTP/1.1" 404 1883
[20/Jul/2023 01:42:36] "GET /static/ckeditor/ckeditor/plugins/magicline/images/hidpi/icon.png?t=N2M9 HTTP/1.1" 200 199
[20/Jul/2023 01:42:51] "GET /static/ckeditor/ckeditor/plugins/liststyle/dialogs/liststyle.js?t=N2M9 HTTP/1.1" 200 2883
[20/Jul/2023 01:42:51] "GET /static/ckeditor/ckeditor/skins/moono/dialog.css?t=N2M9 HTTP/1.1" 200 13430
[20/Jul/2023 01:42:51] "GET /static/ckeditor/ckeditor/skins/moono/images/hidpi/close.png HTTP/1.1" 200 1271
[20/Jul/2023 01:45:13] "GET /static/ckeditor/ckeditor/skins/moono/icons_hidpi.png?t=b47abaf HTTP/1.1" 200 67753
[20/Jul/2023 01:45:26] "GET /static/ckeditor/ckeditor/plugins/showblocks/images/block_div.png?t=N2M9 HTTP/1.1" 200 127
[20/Jul/2023 01:45:40] "GET /static/ckeditor/ckeditor/plugins/clipboard/dialogs/paste.js?t=N2M9 HTTP/1.1" 200 3809
[20/Jul/2023 01:46:56] "GET /admin/web/projectmodel/?priority__exact=1 HTTP/1.1" 200 14785
[20/Jul/2023 01:48:38] "GET /static/ckeditor/ckeditor/plugins/magicline/images/hidpi/icon.png?t=N2M9 HTTP/1.1" 200 199
[20/Jul/2023 01:48:48] "GET /admin/web/projectmodel/8/change/ HTTP/1.1" 200 19510
[20/Jul/2023 01:48:48] "GET /admin/jsi18n/ HTTP/1.1" 200 8560
[20/Jul/2023 01:48:49] "GET /static/ckeditor/ckeditor/skins/moono/skin.js?t=N2M9 HTTP/1.1" 404 1883
[20/Jul/2023 01:49:20] "POST /admin/web/projectmodel/8/change/ HTTP/1.1" 302 0
[20/Jul/2023 01:49:20] "GET /admin/web/projectmodel/ HTTP/1.1" 200 17576
[20/Jul/2023 01:49:21] "GET /admin/jsi18n/ HTTP/1.1" 200 8560
[20/Jul/2023 01:49:57] "GET /admin/web/projectmodel/?priority__exact=0 HTTP/1.1" 200 14666
[20/Jul/2023 01:49:57] "GET /admin/jsi18n/ HTTP/1.1" 200 8560
[20/Jul/2023 01:50:01] "GET /admin/web/projectmodel/?priority__exact=2 HTTP/1.1" 200 13811
[20/Jul/2023 01:50:01] "GET /admin/jsi18n/ HTTP/1.1" 200 8560
[20/Jul/2023 01:54:28] "GET /admin/web/projectmodel/ HTTP/1.1" 200 17366
[20/Jul/2023 01:54:29] "GET /admin/jsi18n/ HTTP/1.1" 200 8560
[20/Jul/2023 01:54:36] "GET /admin/web/projectmodel/add/ HTTP/1.1" 200 18636
[20/Jul/2023 01:54:36] "GET /admin/jsi18n/ HTTP/1.1" 200 8560
[20/Jul/2023 01:54:37] "GET /static/ckeditor/ckeditor/skins/moono/skin.js?t=N2M9 HTTP/1.1" 404 1883
[20/Jul/2023 01:55:35] "GET /static/admin/img/calendar-icons.svg HTTP/1.1" 200 1094
[20/Jul/2023 01:56:32] "POST /admin/web/projectmodel/add/ HTTP/1.1" 302 0
[20/Jul/2023 01:56:33] "GET /admin/web/projectmodel/ HTTP/1.1" 200 18017
[20/Jul/2023 01:56:33] "GET /admin/jsi18n/ HTTP/1.1" 200 8560
[20/Jul/2023 01:57:28] "GET /admin/web/projectmodel/5/change/ HTTP/1.1" 200 18902
[20/Jul/2023 01:57:28] "GET /admin/jsi18n/ HTTP/1.1" 200 8560
[20/Jul/2023 01:57:29] "GET /static/ckeditor/ckeditor/skins/moono/skin.js?t=N2M9 HTTP/1.1" 404 1883
[20/Jul/2023 01:58:02] "POST /admin/web/projectmodel/5/change/ HTTP/1.1" 302 0
[20/Jul/2023 01:58:02] "GET /admin/web/projectmodel/ HTTP/1.1" 200 18005
[20/Jul/2023 01:58:03] "GET /admin/jsi18n/ HTTP/1.1" 200 8560
[20/Jul/2023 02:04:22] "GET /admin/web/projectmodel/add/ HTTP/1.1" 200 18636
[20/Jul/2023 02:04:22] "GET /admin/jsi18n/ HTTP/1.1" 200 8560
[20/Jul/2023 02:04:23] "GET /static/ckeditor/ckeditor/skins/moono/skin.js?t=N2M9 HTTP/1.1" 404 1883
[20/Jul/2023 02:05:19] "POST /admin/web/projectmodel/add/ HTTP/1.1" 302 0
[20/Jul/2023 02:05:19] "GET /admin/web/projectmodel/ HTTP/1.1" 200 18414
[20/Jul/2023 02:05:20] "GET /admin/jsi18n/ HTTP/1.1" 200 8560
[20/Jul/2023 02:06:15] "GET /admin/web/projectmodel/1/change/ HTTP/1.1" 200 19028
[20/Jul/2023 02:06:16] "GET /admin/jsi18n/ HTTP/1.1" 200 8560
[20/Jul/2023 02:06:17] "GET /static/ckeditor/ckeditor/skins/moono/skin.js?t=N2M9 HTTP/1.1" 404 1883
[20/Jul/2023 02:07:31] "POST /admin/web/projectmodel/1/change/ HTTP/1.1" 302 0
[20/Jul/2023 02:07:32] "GET /admin/web/projectmodel/ HTTP/1.1" 200 18424
[20/Jul/2023 02:07:32] "GET /admin/jsi18n/ HTTP/1.1" 200 8560
[20/Jul/2023 02:08:13] "GET /admin/web/projectmodel/1/change/ HTTP/1.1" 200 19704
[20/Jul/2023 02:08:13] "GET /admin/jsi18n/ HTTP/1.1" 200 8560
[20/Jul/2023 02:08:14] "GET /static/ckeditor/ckeditor/skins/moono/skin.js?t=N2M9 HTTP/1.1" 404 1883
[20/Jul/2023 02:08:37] "POST /admin/web/projectmodel/1/change/ HTTP/1.1" 302 0
[20/Jul/2023 02:08:38] "GET /admin/web/projectmodel/ HTTP/1.1" 200 18424
[20/Jul/2023 02:08:38] "GET /admin/jsi18n/ HTTP/1.1" 200 8560
[20/Jul/2023 02:08:55] "GET /admin/web/projectmodel/add/ HTTP/1.1" 200 18636
[20/Jul/2023 02:08:55] "GET /admin/jsi18n/ HTTP/1.1" 200 8560
[20/Jul/2023 02:08:55] "GET /static/ckeditor/ckeditor/skins/moono/skin.js?t=N2M9 HTTP/1.1" 404 1883
[20/Jul/2023 02:09:46] "POST /admin/web/projectmodel/add/ HTTP/1.1" 302 0
[20/Jul/2023 02:09:46] "GET /admin/web/projectmodel/ HTTP/1.1" 200 18850
[20/Jul/2023 02:09:47] "GET /admin/jsi18n/ HTTP/1.1" 200 8560
[20/Jul/2023 02:10:00] "GET /admin/web/projectmodel/add/ HTTP/1.1" 200 18636
[20/Jul/2023 02:10:01] "GET /admin/jsi18n/ HTTP/1.1" 200 8560
[20/Jul/2023 02:10:01] "GET /static/ckeditor/ckeditor/skins/moono/skin.js?t=N2M9 HTTP/1.1" 404 1883
[20/Jul/2023 02:11:13] "POST /admin/web/projectmodel/add/ HTTP/1.1" 302 0
[20/Jul/2023 02:11:13] "GET /admin/web/projectmodel/ HTTP/1.1" 200 19286
[20/Jul/2023 02:11:13] "GET /admin/jsi18n/ HTTP/1.1" 200 8560
[20/Jul/2023 02:11:17] "GET /admin/web/projectmodel/add/ HTTP/1.1" 200 18636
[20/Jul/2023 02:11:17] "GET /admin/jsi18n/ HTTP/1.1" 200 8560
[20/Jul/2023 02:11:18] "GET /static/ckeditor/ckeditor/skins/moono/skin.js?t=N2M9 HTTP/1.1" 404 1883
[20/Jul/2023 02:12:00] "POST /admin/web/projectmodel/add/ HTTP/1.1" 302 0
[20/Jul/2023 02:12:01] "GET /admin/web/projectmodel/ HTTP/1.1" 200 19714
[20/Jul/2023 02:12:01] "GET /admin/jsi18n/ HTTP/1.1" 200 8560
[20/Jul/2023 02:12:25] "GET /admin/web/projectmodel/add/ HTTP/1.1" 200 18636
[20/Jul/2023 02:12:26] "GET /admin/jsi18n/ HTTP/1.1" 200 8560
[20/Jul/2023 02:12:26] "GET /static/ckeditor/ckeditor/skins/moono/skin.js?t=N2M9 HTTP/1.1" 404 1883
[20/Jul/2023 02:14:22] "POST /admin/web/projectmodel/add/ HTTP/1.1" 302 0
[20/Jul/2023 02:14:23] "GET /admin/web/projectmodel/ HTTP/1.1" 200 20140
[20/Jul/2023 02:14:23] "GET /admin/jsi18n/ HTTP/1.1" 200 8560
[20/Jul/2023 02:14:34] "GET /admin/web/projectmodel/8/change/ HTTP/1.1" 200 19518
[20/Jul/2023 02:14:34] "GET /admin/jsi18n/ HTTP/1.1" 200 8560
[20/Jul/2023 02:14:34] "GET /static/ckeditor/ckeditor/skins/moono/skin.js?t=N2M9 HTTP/1.1" 404 1883
[20/Jul/2023 02:15:32] "POST /admin/web/projectmodel/8/change/ HTTP/1.1" 302 0
[20/Jul/2023 02:15:32] "GET /admin/web/projectmodel/ HTTP/1.1" 200 20145
[20/Jul/2023 02:15:32] "GET /admin/jsi18n/ HTTP/1.1" 200 8560
[20/Jul/2023 02:15:56] "GET /admin/web/projectmodel/add/ HTTP/1.1" 200 18636
[20/Jul/2023 02:15:57] "GET /admin/jsi18n/ HTTP/1.1" 200 8560
[20/Jul/2023 02:15:57] "GET /static/ckeditor/ckeditor/skins/moono/skin.js?t=N2M9 HTTP/1.1" 404 1883
[20/Jul/2023 02:16:31] "POST /admin/web/projectmodel/add/ HTTP/1.1" 302 0
[20/Jul/2023 02:16:32] "GET /admin/web/projectmodel/ HTTP/1.1" 200 20558
[20/Jul/2023 02:16:32] "GET /admin/jsi18n/ HTTP/1.1" 200 8560
[20/Jul/2023 02:17:01] "GET /admin/web/projectmodel/add/ HTTP/1.1" 200 18636
[20/Jul/2023 02:17:01] "GET /admin/jsi18n/ HTTP/1.1" 200 8560
[20/Jul/2023 02:17:02] "GET /static/ckeditor/ckeditor/skins/moono/skin.js?t=N2M9 HTTP/1.1" 404 1883
[20/Jul/2023 02:18:45] "POST /admin/web/projectmodel/add/ HTTP/1.1" 302 0
[20/Jul/2023 02:18:45] "GET /admin/web/projectmodel/ HTTP/1.1" 200 20973
[20/Jul/2023 02:18:45] "GET /admin/jsi18n/ HTTP/1.1" 200 8560
[20/Jul/2023 02:19:31] "GET /admin/web/projectmodel/?status__exact=1 HTTP/1.1" 200 15085
[20/Jul/2023 02:19:32] "GET /admin/jsi18n/ HTTP/1.1" 200 8560
[20/Jul/2023 02:20:30] "GET /admin/web/projectmodel/?end_time__gte=2023-01-01&end_time__lt=2024-01-01&status__exact=1 HTTP/1.1" 200 14033
[20/Jul/2023 02:20:31] "GET /admin/jsi18n/ HTTP/1.1" 200 8560
[20/Jul/2023 02:20:33] "GET /admin/web/projectmodel/?end_time__gte=2023-01-01&end_time__lt=2024-01-01 HTTP/1.1" 200 21262
[20/Jul/2023 02:20:34] "GET /admin/jsi18n/ HTTP/1.1" 200 8560
[20/Jul/2023 02:20:37] "GET /admin/web/projectmodel/? HTTP/1.1" 200 20773
[20/Jul/2023 02:20:37] "GET /admin/jsi18n/ HTTP/1.1" 200 8560
[20/Jul/2023 02:21:15] "GET /admin/web/projectmodel/8/change/ HTTP/1.1" 200 19669
[20/Jul/2023 02:21:15] "GET /admin/jsi18n/ HTTP/1.1" 200 8560
[20/Jul/2023 02:21:16] "GET /static/ckeditor/ckeditor/skins/moono/skin.js?t=N2M9 HTTP/1.1" 404 1883
[20/Jul/2023 02:21:56] "POST /admin/web/projectmodel/8/change/ HTTP/1.1" 302 0
[20/Jul/2023 02:21:56] "GET /admin/web/projectmodel/ HTTP/1.1" 200 20983
[20/Jul/2023 02:21:57] "GET /admin/jsi18n/ HTTP/1.1" 200 8560
[20/Jul/2023 02:22:00] "GET /admin/web/projectmodel/8/change/ HTTP/1.1" 200 19892
[20/Jul/2023 02:22:00] "GET /admin/jsi18n/ HTTP/1.1" 200 8560
[20/Jul/2023 02:22:01] "GET /static/ckeditor/ckeditor/skins/moono/skin.js?t=N2M9 HTTP/1.1" 404 1883
[20/Jul/2023 02:22:06] "POST /admin/web/projectmodel/8/change/ HTTP/1.1" 302 0
[20/Jul/2023 02:22:06] "GET /admin/web/projectmodel/ HTTP/1.1" 200 20983
[20/Jul/2023 02:22:08] "GET /admin/jsi18n/ HTTP/1.1" 200 8560
[20/Jul/2023 02:22:15] "GET /admin/web/projectmodel/?priority__exact=1 HTTP/1.1" 200 17559
[20/Jul/2023 02:22:15] "GET /admin/jsi18n/ HTTP/1.1" 200 8560
[20/Jul/2023 02:22:22] "GET /admin/web/projectmodel/?priority__exact=1&status__exact=0 HTTP/1.1" 200 15348
[20/Jul/2023 02:22:22] "GET /admin/jsi18n/ HTTP/1.1" 200 8560
[20/Jul/2023 02:22:31] "GET /admin/web/projectmodel/2/change/?_changelist_filters=priority__exact%3D1%26status__exact%3D0 HTTP/1.1" 200 20921
[20/Jul/2023 02:22:31] "GET /admin/jsi18n/ HTTP/1.1" 200 8560
[20/Jul/2023 02:22:31] "GET /static/ckeditor/ckeditor/skins/moono/skin.js?t=N2M9 HTTP/1.1" 404 1883
[20/Jul/2023 02:22:42] "GET /admin/web/projectmodel/?priority__exact=1&status__exact=0 HTTP/1.1" 200 15348
[20/Jul/2023 02:22:46] "GET /admin/web/projectmodel/?priority__exact=0&status__exact=0 HTTP/1.1" 200 15739
[20/Jul/2023 02:22:46] "GET /admin/jsi18n/ HTTP/1.1" 200 8560
[20/Jul/2023 02:22:52] "GET /admin/web/projectmodel/?priority__exact=2&status__exact=0 HTTP/1.1" 200 14841
[20/Jul/2023 02:22:52] "GET /admin/jsi18n/ HTTP/1.1" 200 8560
[20/Jul/2023 02:25:07] "GET /admin/ HTTP/1.1" 200 9276
[20/Jul/2023 02:25:09] "GET /admin/web/projectmodel/ HTTP/1.1" 200 20773
[20/Jul/2023 02:25:09] "GET /admin/jsi18n/ HTTP/1.1" 200 8560
[20/Jul/2023 02:25:09] "GET /static/admin/img/icon-yes.svg HTTP/1.1" 304 0
[20/Jul/2023 02:25:19] "GET /admin/web/projectmodel/?status__exact=1 HTTP/1.1" 200 15085
[20/Jul/2023 02:25:19] "GET /admin/jsi18n/ HTTP/1.1" 200 8560
[20/Jul/2023 02:25:24] "GET /static/ckeditor/ckeditor/plugins/showblocks/images/block_div.png?t=N2M9 HTTP/1.1" 200 127
[20/Jul/2023 02:28:22] "GET /static/ckeditor/ckeditor/skins/moono-lisa/icons.png?t=d529d176d7 HTTP/1.1" 200 12237
[20/Jul/2023 02:33:05] "GET /admin/web/projectmodel/? HTTP/1.1" 200 20773
[20/Jul/2023 02:33:05] "GET /admin/jsi18n/ HTTP/1.1" 200 8560
[20/Jul/2023 02:34:14] "GET /admin/web/projectmodel/8/change/ HTTP/1.1" 200 19892
[20/Jul/2023 02:34:14] "GET /admin/jsi18n/ HTTP/1.1" 200 8560
[20/Jul/2023 02:34:14] "GET /static/ckeditor/ckeditor/skins/moono/skin.js?t=N2M9 HTTP/1.1" 404 1883
[20/Jul/2023 02:35:08] "GET /static/ckeditor/ckeditor/plugins/templates/dialogs/templates.js?t=N2M9 HTTP/1.1" 200 3403
[20/Jul/2023 02:35:08] "GET /static/ckeditor/ckeditor/plugins/templates/dialogs/templates.css?t=N2M9 HTTP/1.1" 200 1588
[20/Jul/2023 02:35:08] "GET /static/ckeditor/ckeditor/plugins/templates/templates/default.js?t=N2M9 HTTP/1.1" 200 1961
[20/Jul/2023 02:35:08] "GET /static/ckeditor/ckeditor/plugins/templates/templates/images/template1.gif?t=N2M9 HTTP/1.1" 200 539
[20/Jul/2023 02:35:08] "GET /static/ckeditor/ckeditor/plugins/templates/templates/images/template2.gif?t=N2M9 HTTP/1.1" 200 497
[20/Jul/2023 02:35:08] "GET /static/ckeditor/ckeditor/plugins/templates/templates/images/template3.gif?t=N2M9 HTTP/1.1" 200 557
[20/Jul/2023 02:35:58] "GET /admin/web/projectmodel/? HTTP/1.1" 200 20773
[20/Jul/2023 02:36:01] "GET /admin/ HTTP/1.1" 200 9276
[20/Jul/2023 02:36:05] "GET /admin/auth/group/ HTTP/1.1" 200 7737
[20/Jul/2023 02:36:05] "GET /admin/jsi18n/ HTTP/1.1" 200 8560
[20/Jul/2023 02:36:07] "GET /admin/ HTTP/1.1" 200 9276
[20/Jul/2023 02:36:08] "GET /admin/auth/user/ HTTP/1.1" 200 10984
[20/Jul/2023 02:36:08] "GET /admin/jsi18n/ HTTP/1.1" 200 8560
[20/Jul/2023 02:36:12] "GET /admin/ HTTP/1.1" 200 9276
[20/Jul/2023 02:38:29] "GET /static/ckeditor/ckeditor/plugins/templates/templates/images/template3.gif?t=N2M9 HTTP/1.1" 200 557
[20/Jul/2023 02:43:49] "GET /static/ckeditor/ckeditor/plugins/templates/templates/images/template1.gif?t=N2M9 HTTP/1.1" 200 539
[20/Jul/2023 03:50:54] "GET /static/ckeditor/ckeditor/skins/moono/icons.png?t=b47abaf HTTP/1.1" 200 20634
[20/Jul/2023 04:21:41,840] - Broken pipe from ('45.135.232.28', 63157)
[20/Jul/2023 04:53:02] "GET /static/ckeditor/ckeditor/plugins/templates/templates/images/template2.gif?t=N2M9 HTTP/1.1" 200 497
[20/Jul/2023 08:44:44] "GET /admin/ HTTP/1.1" 200 9276
[20/Jul/2023 08:44:44] "GET /static/admin/css/base.css HTTP/1.1" 304 0
[20/Jul/2023 08:44:44] "GET /static/admin/css/nav_sidebar.css HTTP/1.1" 304 0
[20/Jul/2023 08:44:44] "GET /static/admin/css/dark_mode.css HTTP/1.1" 304 0
[20/Jul/2023 08:44:44] "GET /static/admin/css/responsive.css HTTP/1.1" 304 0
[20/Jul/2023 08:44:44] "GET /static/admin/css/dashboard.css HTTP/1.1" 304 0
[20/Jul/2023 08:44:44] "GET /static/admin/js/theme.js HTTP/1.1" 304 0
[20/Jul/2023 08:44:44] "GET /static/admin/js/nav_sidebar.js HTTP/1.1" 304 0
[20/Jul/2023 08:44:44] "GET /static/admin/img/icon-changelink.svg HTTP/1.1" 304 0
[20/Jul/2023 08:44:44] "GET /static/admin/img/icon-addlink.svg HTTP/1.1" 304 0
[20/Jul/2023 08:44:46] "GET /admin/web/projectmodel/ HTTP/1.1" 200 20773
[20/Jul/2023 08:44:47] "GET /admin/jsi18n/ HTTP/1.1" 200 8560
[20/Jul/2023 08:44:47] "GET /static/admin/js/vendor/jquery/jquery.js HTTP/1.1" 304 0
[20/Jul/2023 08:44:47] "GET /static/admin/js/core.js HTTP/1.1" 304 0
[20/Jul/2023 08:44:47] "GET /static/admin/css/changelists.css HTTP/1.1" 304 0
[20/Jul/2023 08:44:47] "GET /static/admin/js/jquery.init.js HTTP/1.1" 304 0
[20/Jul/2023 08:44:47] "GET /static/admin/js/admin/RelatedObjectLookups.js HTTP/1.1" 304 0
[20/Jul/2023 08:44:47] "GET /static/admin/js/vendor/xregexp/xregexp.js HTTP/1.1" 304 0
[20/Jul/2023 08:44:47] "GET /static/admin/js/urlify.js HTTP/1.1" 304 0
[20/Jul/2023 08:44:47] "GET /static/admin/js/prepopulate.js HTTP/1.1" 304 0
[20/Jul/2023 08:44:47] "GET /static/admin/js/actions.js HTTP/1.1" 304 0
[20/Jul/2023 08:44:47] "GET /static/admin/js/filters.js HTTP/1.1" 304 0
[20/Jul/2023 08:44:47] "GET /static/admin/img/search.svg HTTP/1.1" 304 0
[20/Jul/2023 08:44:47] "GET /static/admin/img/icon-no.svg HTTP/1.1" 304 0
[20/Jul/2023 08:44:47] "GET /static/admin/img/icon-yes.svg HTTP/1.1" 304 0
[20/Jul/2023 08:44:47] "GET /static/admin/img/tooltag-add.svg HTTP/1.1" 304 0
[20/Jul/2023 08:44:47] "GET /static/admin/img/sorting-icons.svg HTTP/1.1" 304 0
[20/Jul/2023 08:44:49] "GET /admin/web/projectmodel/2/change/ HTTP/1.1" 200 20731
[20/Jul/2023 08:44:49] "GET /static/ckeditor/ckeditor.css HTTP/1.1" 304 0
[20/Jul/2023 08:44:49] "GET /admin/jsi18n/ HTTP/1.1" 200 8560
[20/Jul/2023 08:44:49] "GET /static/admin/js/calendar.js HTTP/1.1" 304 0
[20/Jul/2023 08:44:49] "GET /static/admin/css/forms.css HTTP/1.1" 304 0
[20/Jul/2023 08:44:49] "GET /static/ckeditor/ckeditor-init.js HTTP/1.1" 304 0
[20/Jul/2023 08:44:49] "GET /static/admin/js/admin/DateTimeShortcuts.js HTTP/1.1" 304 0
[20/Jul/2023 08:44:49] "GET /static/ckeditor/ckeditor/ckeditor.js HTTP/1.1" 304 0
[20/Jul/2023 08:44:49] "GET /static/admin/css/widgets.css HTTP/1.1" 304 0
[20/Jul/2023 08:44:49] "GET /static/admin/js/prepopulate_init.js HTTP/1.1" 304 0
[20/Jul/2023 08:44:49] "GET /static/admin/img/icon-viewlink.svg HTTP/1.1" 304 0
[20/Jul/2023 08:44:50] "GET /static/admin/js/change_form.js HTTP/1.1" 304 0
[20/Jul/2023 08:44:50] "GET /static/ckeditor/ckeditor/config.js?t=N2M9 HTTP/1.1" 304 0
[20/Jul/2023 08:44:50] "GET /static/ckeditor/ckeditor/skins/moono/skin.js?t=N2M9 HTTP/1.1" 404 1883
[20/Jul/2023 08:44:50] "GET /static/ckeditor/ckeditor/skins/moono/editor.css?t=N2M9 HTTP/1.1" 304 0
[20/Jul/2023 08:44:50] "GET /static/ckeditor/ckeditor/lang/zh-cn.js?t=N2M9 HTTP/1.1" 304 0
[20/Jul/2023 08:44:50] "GET /static/ckeditor/ckeditor/styles.js?t=N2M9 HTTP/1.1" 304 0
[20/Jul/2023 08:44:50] "GET /static/ckeditor/ckeditor/plugins/autolink/plugin.js?t=N2M9 HTTP/1.1" 304 0
[20/Jul/2023 08:44:50] "GET /static/ckeditor/ckeditor/plugins/autoembed/plugin.js?t=N2M9 HTTP/1.1" 304 0
[20/Jul/2023 08:44:50] "GET /static/ckeditor/ckeditor/plugins/autogrow/plugin.js?t=N2M9 HTTP/1.1" 304 0
[20/Jul/2023 08:44:50] "GET /static/ckeditor/ckeditor/plugins/embedsemantic/plugin.js?t=N2M9 HTTP/1.1" 304 0
[20/Jul/2023 08:44:50] "GET /static/ckeditor/ckeditor/plugins/embedbase/plugin.js?t=N2M9 HTTP/1.1" 304 0
[20/Jul/2023 08:44:50] "GET /static/ckeditor/ckeditor/plugins/scayt/dialogs/dialog.css?t=N2M9 HTTP/1.1" 304 0
[20/Jul/2023 08:44:50] "GET /static/ckeditor/ckeditor/plugins/tableselection/styles/tableselection.css?t=N2M9 HTTP/1.1" 304 0
[20/Jul/2023 08:44:50] "GET /static/ckeditor/ckeditor/plugins/embedbase/lang/zh-cn.js?t=N2M9 HTTP/1.1" 304 0
[20/Jul/2023 08:44:50] "GET /static/ckeditor/ckeditor/plugins/autoembed/lang/zh.js?t=N2M9 HTTP/1.1" 304 0
[20/Jul/2023 08:44:50] "GET /static/ckeditor/ckeditor/plugins/copyformatting/styles/copyformatting.css?t=N2M9 HTTP/1.1" 304 0
[20/Jul/2023 08:44:50] "GET /static/ckeditor/ckeditor/plugins/dialog/styles/dialog.css?t=N2M9 HTTP/1.1" 304 0
[20/Jul/2023 08:44:50] "GET /static/ckeditor/ckeditor/skins/moono/icons_hidpi.png?t=b47abaf HTTP/1.1" 304 0
[20/Jul/2023 08:44:50] "GET /static/ckeditor/ckeditor/contents.css?t=N2M9 HTTP/1.1" 304 0
[20/Jul/2023 08:44:50] "GET /static/admin/img/icon-calendar.svg HTTP/1.1" 304 0
[20/Jul/2023 08:44:53] "GET /admin/web/projectmodel/ HTTP/1.1" 200 20773
[20/Jul/2023 08:44:58] "GET /admin/web/projectmodel/?status__exact=0 HTTP/1.1" 200 19483
[20/Jul/2023 08:44:58] "GET /admin/jsi18n/ HTTP/1.1" 200 8560
[20/Jul/2023 08:45:01] "GET /admin/web/projectmodel/?priority__exact=2&status__exact=0 HTTP/1.1" 200 14841
[20/Jul/2023 08:45:01] "GET /admin/jsi18n/ HTTP/1.1" 200 8560
[20/Jul/2023 08:45:06] "GET /admin/web/projectmodel/8/change/?_changelist_filters=priority__exact%3D2%26status__exact%3D0 HTTP/1.1" 200 20082
[20/Jul/2023 08:45:06] "GET /admin/jsi18n/ HTTP/1.1" 200 8560
[20/Jul/2023 08:45:07] "GET /static/ckeditor/ckeditor/skins/moono/skin.js?t=N2M9 HTTP/1.1" 404 1883
[20/Jul/2023 08:53:28] "GET /admin/web/projectmodel/?priority__exact=2&status__exact=0 HTTP/1.1" 200 14841
[20/Jul/2023 08:53:29] "GET /admin/jsi18n/ HTTP/1.1" 200 8560
[20/Jul/2023 08:53:34] "GET /admin/web/projectmodel/3/change/?_changelist_filters=priority__exact%3D2%26status__exact%3D0 HTTP/1.1" 200 20769
[20/Jul/2023 08:53:34] "GET /admin/jsi18n/ HTTP/1.1" 200 8560
[20/Jul/2023 08:53:34] "GET /static/ckeditor/ckeditor/skins/moono/skin.js?t=N2M9 HTTP/1.1" 404 1883
[20/Jul/2023 09:05:14] "GET /admin/web/projectmodel/?priority__exact=2&status__exact=0 HTTP/1.1" 200 14841
[20/Jul/2023 09:05:16] "GET /admin/web/projectmodel/13/change/?_changelist_filters=priority__exact%3D2%26status__exact%3D0 HTTP/1.1" 200 19412
[20/Jul/2023 09:05:16] "GET /admin/jsi18n/ HTTP/1.1" 200 8560
[20/Jul/2023 09:05:17] "GET /static/ckeditor/ckeditor/skins/moono/skin.js?t=N2M9 HTTP/1.1" 404 1883
[20/Jul/2023 09:05:32] "GET /admin/web/projectmodel/?priority__exact=2&status__exact=0 HTTP/1.1" 200 14841
[20/Jul/2023 09:10:03,491] - Broken pipe from ('117.136.79.143', 30172)
[20/Jul/2023 11:37:19] "GET /admin/web/projectmodel/?priority__exact=2&status__exact=0 HTTP/1.1" 200 14841
[20/Jul/2023 11:37:19] "GET /admin/jsi18n/ HTTP/1.1" 200 8560
Not Found: /favicon.ico
[20/Jul/2023 11:37:20] "GET /favicon.ico HTTP/1.1" 404 2574
[20/Jul/2023 11:37:21] "GET /admin/web/projectmodel/8/change/?_changelist_filters=priority__exact%3D2%26status__exact%3D0 HTTP/1.1" 200 20082
[20/Jul/2023 11:37:21] "GET /admin/jsi18n/ HTTP/1.1" 200 8560
[20/Jul/2023 11:37:21] "GET /static/ckeditor/ckeditor/skins/moono/skin.js?t=N2M9 HTTP/1.1" 404 1883
[20/Jul/2023 11:52:50] code 400, message Bad HTTP/0.9 request type ('\x03\x00\x00/*à\x00\x00\x00\x00\x00Cookie:')
[20/Jul/2023 11:52:50] "  /*à     Cookie: mstshash=Administr" 400 -
[20/Jul/2023 12:33:37] code 400, message Bad request version ('À\x14À')
[20/Jul/2023 12:33:37] You're accessing the development server over HTTPS, but it only supports HTTP.
[20/Jul/2023 12:51:20,389] - Broken pipe from ('172.104.210.105', 39792)
Not Found: /
[20/Jul/2023 12:51:23] "GET / HTTP/1.1" 404 2518
[20/Jul/2023 12:51:24,486] - Broken pipe from ('172.104.210.105', 39793)
Not Found: /
[20/Jul/2023 12:51:37] "GET / HTTP/1.1" 404 2523
[20/Jul/2023 17:13:26] code 400, message Bad HTTP/0.9 request type ('\x03\x00\x00/*à\x00\x00\x00\x00\x00Cookie:')
[20/Jul/2023 17:13:26] "  /*à     Cookie: mstshash=Administr" 400 -
[20/Jul/2023 18:55:42] "GET /admin/web/projectmodel/8/change/?_changelist_filters=priority__exact%3D2%26status__exact%3D0 HTTP/1.1" 200 20082
[20/Jul/2023 18:55:43] "GET /admin/jsi18n/ HTTP/1.1" 200 8560
[20/Jul/2023 18:55:43] "GET /static/admin/css/forms.css HTTP/1.1" 304 0
[20/Jul/2023 18:55:43] "GET /static/admin/css/dark_mode.css HTTP/1.1" 304 0
[20/Jul/2023 18:55:43] "GET /static/ckeditor/ckeditor.css HTTP/1.1" 304 0
[20/Jul/2023 18:55:43] "GET /static/admin/css/base.css HTTP/1.1" 304 0
[20/Jul/2023 18:55:43] "GET /static/admin/css/nav_sidebar.css HTTP/1.1" 304 0
[20/Jul/2023 18:55:43] "GET /static/admin/js/vendor/jquery/jquery.js HTTP/1.1" 304 0
[20/Jul/2023 18:55:43] "GET /static/admin/css/responsive.css HTTP/1.1" 304 0
[20/Jul/2023 18:55:43] "GET /static/admin/js/jquery.init.js HTTP/1.1" 304 0
[20/Jul/2023 18:55:43] "GET /static/admin/css/widgets.css HTTP/1.1" 304 0
[20/Jul/2023 18:55:43] "GET /static/admin/js/admin/DateTimeShortcuts.js HTTP/1.1" 304 0
[20/Jul/2023 18:55:43] "GET /static/ckeditor/ckeditor/ckeditor.js HTTP/1.1" 304 0
[20/Jul/2023 18:55:43] "GET /static/admin/js/admin/RelatedObjectLookups.js HTTP/1.1" 304 0
[20/Jul/2023 18:55:43] "GET /static/admin/js/core.js HTTP/1.1" 304 0
[20/Jul/2023 18:55:43] "GET /static/admin/js/urlify.js HTTP/1.1" 304 0
[20/Jul/2023 18:55:43] "GET /static/admin/js/actions.js HTTP/1.1" 304 0
[20/Jul/2023 18:55:43] "GET /static/admin/js/prepopulate.js HTTP/1.1" 304 0
[20/Jul/2023 18:55:43] "GET /static/admin/js/vendor/xregexp/xregexp.js HTTP/1.1" 304 0
[20/Jul/2023 18:55:43] "GET /static/admin/js/calendar.js HTTP/1.1" 304 0
[20/Jul/2023 18:55:43] "GET /static/ckeditor/ckeditor-init.js HTTP/1.1" 304 0
[20/Jul/2023 18:55:43] "GET /static/admin/js/prepopulate_init.js HTTP/1.1" 304 0
[20/Jul/2023 18:55:43] "GET /static/admin/js/theme.js HTTP/1.1" 304 0
[20/Jul/2023 18:55:43] "GET /static/admin/js/nav_sidebar.js HTTP/1.1" 304 0
[20/Jul/2023 18:55:43] "GET /static/admin/img/icon-changelink.svg HTTP/1.1" 304 0
[20/Jul/2023 18:55:43] "GET /static/admin/img/icon-viewlink.svg HTTP/1.1" 304 0
[20/Jul/2023 18:55:43] "GET /static/admin/img/icon-addlink.svg HTTP/1.1" 304 0
[20/Jul/2023 18:55:43] "GET /static/admin/js/change_form.js HTTP/1.1" 304 0
[20/Jul/2023 18:55:44] "GET /static/admin/img/icon-calendar.svg HTTP/1.1" 304 0
[20/Jul/2023 18:55:44] "GET /static/ckeditor/ckeditor/config.js?t=N2M9 HTTP/1.1" 304 0
Not Found: /favicon.ico
[20/Jul/2023 18:55:44] "GET /favicon.ico HTTP/1.1" 404 2574
[20/Jul/2023 18:55:44] "GET /static/ckeditor/ckeditor/skins/moono/skin.js?t=N2M9 HTTP/1.1" 404 1883
[20/Jul/2023 18:55:44] "GET /static/ckeditor/ckeditor/lang/zh-cn.js?t=N2M9 HTTP/1.1" 304 0
[20/Jul/2023 18:55:44] "GET /static/ckeditor/ckeditor/skins/moono/editor.css?t=N2M9 HTTP/1.1" 304 0
[20/Jul/2023 18:55:44] "GET /static/ckeditor/ckeditor/styles.js?t=N2M9 HTTP/1.1" 304 0
[20/Jul/2023 18:55:44] "GET /static/ckeditor/ckeditor/plugins/autoembed/plugin.js?t=N2M9 HTTP/1.1" 304 0
[20/Jul/2023 18:55:44] "GET /static/ckeditor/ckeditor/plugins/embedsemantic/plugin.js?t=N2M9 HTTP/1.1" 304 0
[20/Jul/2023 18:55:44] "GET /static/ckeditor/ckeditor/plugins/autolink/plugin.js?t=N2M9 HTTP/1.1" 304 0
[20/Jul/2023 18:55:44] "GET /static/ckeditor/ckeditor/plugins/autogrow/plugin.js?t=N2M9 HTTP/1.1" 304 0
[20/Jul/2023 18:55:44] "GET /static/ckeditor/ckeditor/plugins/embedbase/plugin.js?t=N2M9 HTTP/1.1" 304 0
[20/Jul/2023 18:55:44] "GET /static/ckeditor/ckeditor/plugins/scayt/dialogs/dialog.css?t=N2M9 HTTP/1.1" 304 0
[20/Jul/2023 18:55:44] "GET /static/ckeditor/ckeditor/plugins/tableselection/styles/tableselection.css?t=N2M9 HTTP/1.1" 304 0
[20/Jul/2023 18:55:44] "GET /static/ckeditor/ckeditor/plugins/embedbase/lang/zh-cn.js?t=N2M9 HTTP/1.1" 304 0
[20/Jul/2023 18:55:44] "GET /static/ckeditor/ckeditor/plugins/autoembed/lang/zh.js?t=N2M9 HTTP/1.1" 304 0
[20/Jul/2023 18:55:44] "GET /static/ckeditor/ckeditor/plugins/copyformatting/styles/copyformatting.css?t=N2M9 HTTP/1.1" 304 0
[20/Jul/2023 18:55:44] "GET /static/ckeditor/ckeditor/plugins/dialog/styles/dialog.css?t=N2M9 HTTP/1.1" 304 0
[20/Jul/2023 18:55:44] "GET /static/ckeditor/ckeditor/skins/moono/icons_hidpi.png?t=b47abaf HTTP/1.1" 304 0
[20/Jul/2023 18:55:44] "GET /static/ckeditor/ckeditor/contents.css?t=N2M9 HTTP/1.1" 304 0
[20/Jul/2023 19:00:41] "GET /admin/web/projectmodel/8/change/?_changelist_filters=priority__exact%3D2%26status__exact%3D0 HTTP/1.1" 302 0
[20/Jul/2023 19:00:42] "GET /admin/login/?next=/admin/web/projectmodel/8/change/%3F_changelist_filters%3Dpriority__exact%253D2%2526status__exact%253D0 HTTP/1.1" 200 4378
[20/Jul/2023 19:00:42] "GET /static/admin/css/dark_mode.css HTTP/1.1" 304 0
[20/Jul/2023 19:00:43] "GET /static/admin/css/responsive.css HTTP/1.1" 304 0
[20/Jul/2023 19:00:43] "GET /static/admin/css/base.css HTTP/1.1" 304 0
[20/Jul/2023 19:00:43] "GET /static/admin/css/nav_sidebar.css HTTP/1.1" 304 0
[20/Jul/2023 19:00:43] "GET /static/admin/css/login.css HTTP/1.1" 200 958
[20/Jul/2023 19:00:43] "GET /static/admin/js/nav_sidebar.js HTTP/1.1" 304 0
[20/Jul/2023 19:00:43] "GET /static/admin/js/theme.js HTTP/1.1" 304 0
[20/Jul/2023 19:00:47] "POST /admin/login/?next=/admin/web/projectmodel/8/change/%3F_changelist_filters%3Dpriority__exact%253D2%2526status__exact%253D0 HTTP/1.1" 302 0
[20/Jul/2023 19:00:48] "GET /admin/web/projectmodel/8/change/?_changelist_filters=priority__exact%3D2%26status__exact%3D0 HTTP/1.1" 200 20082
[20/Jul/2023 19:00:48] "GET /static/admin/css/forms.css HTTP/1.1" 304 0
[20/Jul/2023 19:00:48] "GET /static/admin/js/calendar.js HTTP/1.1" 304 0
[20/Jul/2023 19:00:48] "GET /static/ckeditor/ckeditor.css HTTP/1.1" 304 0
[20/Jul/2023 19:00:48] "GET /static/admin/js/vendor/jquery/jquery.js HTTP/1.1" 304 0
[20/Jul/2023 19:00:49] "GET /static/admin/js/jquery.init.js HTTP/1.1" 304 0
[20/Jul/2023 19:00:49] "GET /static/admin/css/widgets.css HTTP/1.1" 304 0
[20/Jul/2023 19:00:49] "GET /static/ckeditor/ckeditor-init.js HTTP/1.1" 304 0
[20/Jul/2023 19:00:49] "GET /static/admin/js/core.js HTTP/1.1" 304 0
[20/Jul/2023 19:00:49] "GET /static/admin/js/admin/RelatedObjectLookups.js HTTP/1.1" 304 0
[20/Jul/2023 19:00:49] "GET /admin/jsi18n/ HTTP/1.1" 200 8560
[20/Jul/2023 19:00:49] "GET /static/admin/js/admin/DateTimeShortcuts.js HTTP/1.1" 304 0
[20/Jul/2023 19:00:49] "GET /static/admin/js/actions.js HTTP/1.1" 304 0
[20/Jul/2023 19:00:50] "GET /static/admin/js/urlify.js HTTP/1.1" 304 0
[20/Jul/2023 19:00:50] "GET /static/admin/js/vendor/xregexp/xregexp.js HTTP/1.1" 304 0
[20/Jul/2023 19:00:50] "GET /static/ckeditor/ckeditor/ckeditor.js HTTP/1.1" 304 0
[20/Jul/2023 19:00:50] "GET /static/admin/js/prepopulate.js HTTP/1.1" 304 0
[20/Jul/2023 19:00:50] "GET /static/admin/js/prepopulate_init.js HTTP/1.1" 304 0
[20/Jul/2023 19:00:50] "GET /static/admin/img/icon-changelink.svg HTTP/1.1" 304 0
[20/Jul/2023 19:00:50] "GET /static/admin/img/icon-addlink.svg HTTP/1.1" 304 0
[20/Jul/2023 19:00:50] "GET /static/admin/js/change_form.js HTTP/1.1" 304 0
[20/Jul/2023 19:00:50] "GET /static/admin/img/icon-viewlink.svg HTTP/1.1" 304 0
[20/Jul/2023 19:00:51] "GET /static/ckeditor/ckeditor/config.js?t=N2M9 HTTP/1.1" 304 0
[20/Jul/2023 19:00:52] "GET /static/ckeditor/ckeditor/skins/moono/skin.js?t=N2M9 HTTP/1.1" 404 1883
[20/Jul/2023 19:00:52] "GET /static/ckeditor/ckeditor/skins/moono/editor.css?t=N2M9 HTTP/1.1" 304 0
[20/Jul/2023 19:00:52] "GET /static/ckeditor/ckeditor/lang/zh-cn.js?t=N2M9 HTTP/1.1" 304 0
[20/Jul/2023 19:00:53] "GET /static/ckeditor/ckeditor/styles.js?t=N2M9 HTTP/1.1" 304 0
[20/Jul/2023 19:00:53] "GET /static/ckeditor/ckeditor/plugins/autoembed/plugin.js?t=N2M9 HTTP/1.1" 304 0
[20/Jul/2023 19:00:53] "GET /static/ckeditor/ckeditor/plugins/autogrow/plugin.js?t=N2M9 HTTP/1.1" 304 0
[20/Jul/2023 19:00:53] "GET /static/ckeditor/ckeditor/plugins/autolink/plugin.js?t=N2M9 HTTP/1.1" 304 0
[20/Jul/2023 19:00:53] "GET /static/ckeditor/ckeditor/plugins/embedsemantic/plugin.js?t=N2M9 HTTP/1.1" 304 0
[20/Jul/2023 19:00:54] "GET /static/ckeditor/ckeditor/plugins/embedbase/plugin.js?t=N2M9 HTTP/1.1" 304 0
[20/Jul/2023 19:00:54] "GET /static/ckeditor/ckeditor/plugins/embedbase/lang/zh-cn.js?t=N2M9 HTTP/1.1" 304 0
[20/Jul/2023 19:00:54] "GET /static/ckeditor/ckeditor/plugins/tableselection/styles/tableselection.css?t=N2M9 HTTP/1.1" 304 0
[20/Jul/2023 19:00:54] "GET /static/ckeditor/ckeditor/plugins/autoembed/lang/zh.js?t=N2M9 HTTP/1.1" 304 0
[20/Jul/2023 19:00:54] "GET /static/ckeditor/ckeditor/plugins/scayt/dialogs/dialog.css?t=N2M9 HTTP/1.1" 304 0
[20/Jul/2023 19:00:55] "GET /static/ckeditor/ckeditor/plugins/copyformatting/styles/copyformatting.css?t=N2M9 HTTP/1.1" 304 0
[20/Jul/2023 19:00:55] "GET /static/ckeditor/ckeditor/plugins/dialog/styles/dialog.css?t=N2M9 HTTP/1.1" 304 0
[20/Jul/2023 19:00:55] "GET /static/ckeditor/ckeditor/skins/moono/icons.png?t=b47abaf HTTP/1.1" 304 0
[20/Jul/2023 19:00:55] "GET /static/ckeditor/ckeditor/contents.css?t=N2M9 HTTP/1.1" 304 0
[20/Jul/2023 19:00:55] "GET /static/admin/img/icon-calendar.svg HTTP/1.1" 304 0
[20/Jul/2023 19:01:35] "GET /static/ckeditor/ckeditor/plugins/magicline/images/icon.png?t=N2M9 HTTP/1.1" 304 0
[20/Jul/2023 19:11:38] "POST /admin/web/projectmodel/8/change/?_changelist_filters=priority__exact%3D2%26status__exact%3D0 HTTP/1.1" 302 0
[20/Jul/2023 19:11:39] "GET /admin/web/projectmodel/?priority__exact=2&status__exact=0 HTTP/1.1" 200 15051
[20/Jul/2023 19:11:39] "GET /static/admin/css/changelists.css HTTP/1.1" 304 0
[20/Jul/2023 19:11:39] "GET /admin/jsi18n/ HTTP/1.1" 200 8560
[20/Jul/2023 19:11:39] "GET /static/admin/js/filters.js HTTP/1.1" 304 0
[20/Jul/2023 19:11:40] "GET /static/admin/img/icon-yes.svg HTTP/1.1" 304 0
[20/Jul/2023 19:11:40] "GET /static/admin/img/icon-no.svg HTTP/1.1" 304 0
[20/Jul/2023 19:11:40] "GET /static/admin/img/sorting-icons.svg HTTP/1.1" 304 0
[20/Jul/2023 19:11:40] "GET /static/admin/img/tooltag-add.svg HTTP/1.1" 304 0
[20/Jul/2023 19:11:41] "GET /static/admin/img/search.svg HTTP/1.1" 304 0
Not Found: /
[20/Jul/2023 21:26:09] "GET / HTTP/1.1" 404 2523
[20/Jul/2023 22:17:48] "GET /admin/web/projectmodel/8/change/?_changelist_filters=priority__exact%3D2%26status__exact%3D0 HTTP/1.1" 200 20139
[20/Jul/2023 22:17:49] "GET /admin/jsi18n/ HTTP/1.1" 200 8560
[20/Jul/2023 22:17:50] "GET /static/ckeditor/ckeditor/skins/moono/skin.js?t=N2M9 HTTP/1.1" 404 1883
[20/Jul/2023 22:18:09] "POST /admin/web/projectmodel/8/change/?_changelist_filters=priority__exact%3D2%26status__exact%3D0 HTTP/1.1" 302 0
[20/Jul/2023 22:18:09] "GET /admin/web/projectmodel/?priority__exact=2&status__exact=0 HTTP/1.1" 200 15051
[20/Jul/2023 22:18:09] "GET /admin/jsi18n/ HTTP/1.1" 200 8560
[20/Jul/2023 22:18:12] "GET /admin/web/projectmodel/8/change/?_changelist_filters=priority__exact%3D2%26status__exact%3D0 HTTP/1.1" 200 20153
[20/Jul/2023 22:18:12] "GET /admin/jsi18n/ HTTP/1.1" 200 8560
[20/Jul/2023 22:18:13] "GET /static/ckeditor/ckeditor/skins/moono/skin.js?t=N2M9 HTTP/1.1" 404 1883
[20/Jul/2023 22:21:28] "GET /static/ckeditor/ckeditor/plugins/magicline/images/hidpi/icon.png?t=N2M9 HTTP/1.1" 304 0
[20/Jul/2023 22:21:28] "GET /static/ckeditor/ckeditor/plugins/icons_hidpi.png?t=N2M9 HTTP/1.1" 200 38309
[20/Jul/2023 22:35:00] "GET /static/ckeditor/ckeditor/plugins/magicline/images/hidpi/icon.png?t=N2M9 HTTP/1.1" 200 199
[20/Jul/2023 22:36:33] "GET /static/ckeditor/ckeditor/plugins/icons_hidpi.png?t=N2M9 HTTP/1.1" 200 38309
[20/Jul/2023 23:46:02] "GET /static/ckeditor/ckeditor/skins/moono/dialog.css?t=N2M9 HTTP/1.1" 304 0
[20/Jul/2023 23:46:02] "GET /static/ckeditor/ckeditor/plugins/image/dialogs/image.js?t=N2M9 HTTP/1.1" 200 21529
[20/Jul/2023 23:46:02] "GET /static/ckeditor/ckeditor/skins/moono/images/hidpi/close.png HTTP/1.1" 304 0
[20/Jul/2023 23:46:02] "GET /static/ckeditor/ckeditor/skins/moono/images/hidpi/lock.png HTTP/1.1" 200 1299
[20/Jul/2023 23:46:02] "GET /static/ckeditor/ckeditor/skins/moono/images/hidpi/refresh.png HTTP/1.1" 200 1842
[20/Jul/2023 23:46:55] "GET /admin/web/projectmodel/8/change/?_changelist_filters=priority__exact%3D2%26status__exact%3D0 HTTP/1.1" 200 20153
[20/Jul/2023 23:46:55] "GET /admin/jsi18n/ HTTP/1.1" 200 8560
[20/Jul/2023 23:46:55] "GET /static/ckeditor/ckeditor/skins/moono/skin.js?t=N2M9 HTTP/1.1" 404 1883
[20/Jul/2023 23:49:30] "POST /admin/web/projectmodel/8/change/?_changelist_filters=priority__exact%3D2%26status__exact%3D0 HTTP/1.1" 302 0
[20/Jul/2023 23:49:31] "GET /admin/web/projectmodel/?priority__exact=2&status__exact=0 HTTP/1.1" 200 15051
[20/Jul/2023 23:49:31] "GET /admin/jsi18n/ HTTP/1.1" 200 8560
[20/Jul/2023 23:49:31] "GET /static/admin/css/changelists.css HTTP/1.1" 304 0
[20/Jul/2023 23:49:31] "GET /static/admin/js/filters.js HTTP/1.1" 304 0
[20/Jul/2023 23:49:31] "GET /static/admin/img/search.svg HTTP/1.1" 304 0
[20/Jul/2023 23:49:31] "GET /static/admin/img/icon-no.svg HTTP/1.1" 304 0
[20/Jul/2023 23:49:31] "GET /static/admin/img/icon-yes.svg HTTP/1.1" 304 0
[20/Jul/2023 23:49:31] "GET /static/admin/img/tooltag-add.svg HTTP/1.1" 304 0
[20/Jul/2023 23:49:31] "GET /static/admin/img/sorting-icons.svg HTTP/1.1" 304 0
[20/Jul/2023 23:49:33] "GET /admin/web/projectmodel/8/change/?_changelist_filters=priority__exact%3D2%26status__exact%3D0 HTTP/1.1" 200 20180
[20/Jul/2023 23:49:33] "GET /admin/jsi18n/ HTTP/1.1" 200 8560
[20/Jul/2023 23:49:33] "GET /static/ckeditor/ckeditor/skins/moono/skin.js?t=N2M9 HTTP/1.1" 404 1883
[20/Jul/2023 23:49:37] "GET /admin/web/projectmodel/?priority__exact=2&status__exact=0 HTTP/1.1" 200 14841
[20/Jul/2023 23:49:45] "GET /admin/web/projectmodel/8/change/?_changelist_filters=priority__exact%3D2%26status__exact%3D0 HTTP/1.1" 200 20180
[20/Jul/2023 23:49:45] "GET /admin/jsi18n/ HTTP/1.1" 200 8560
[20/Jul/2023 23:49:45] "GET /static/ckeditor/ckeditor/skins/moono/skin.js?t=N2M9 HTTP/1.1" 404 1883
[20/Jul/2023 23:50:15] "POST /admin/web/projectmodel/8/change/?_changelist_filters=priority__exact%3D2%26status__exact%3D0 HTTP/1.1" 302 0
[20/Jul/2023 23:50:15] "GET /admin/web/projectmodel/?priority__exact=2&status__exact=0 HTTP/1.1" 200 15051
[20/Jul/2023 23:50:15] "GET /admin/jsi18n/ HTTP/1.1" 200 8560
[20/Jul/2023 23:50:16] "GET /admin/web/projectmodel/8/change/?_changelist_filters=priority__exact%3D2%26status__exact%3D0 HTTP/1.1" 200 20180
[20/Jul/2023 23:50:16] "GET /admin/jsi18n/ HTTP/1.1" 200 8560
[20/Jul/2023 23:50:16] "GET /static/ckeditor/ckeditor/skins/moono/skin.js?t=N2M9 HTTP/1.1" 404 1883
[20/Jul/2023 23:51:34] "GET /static/ckeditor/ckeditor/skins/moono/images/hidpi/close.png HTTP/1.1" 200 1271
[21/Jul/2023 00:20:18] "GET /admin/web/projectmodel/8/change/?_changelist_filters=priority__exact%3D2%26status__exact%3D0 HTTP/1.1" 200 20180
[21/Jul/2023 00:20:18] "GET /admin/jsi18n/ HTTP/1.1" 200 8560
[21/Jul/2023 00:20:18] "GET /static/admin/css/base.css HTTP/1.1" 304 0
[21/Jul/2023 00:20:18] "GET /static/admin/css/nav_sidebar.css HTTP/1.1" 304 0
[21/Jul/2023 00:20:18] "GET /static/admin/css/forms.css HTTP/1.1" 304 0
[21/Jul/2023 00:20:18] "GET /static/admin/css/dark_mode.css HTTP/1.1" 304 0
[21/Jul/2023 00:20:18] "GET /static/ckeditor/ckeditor.css HTTP/1.1" 304 0
[21/Jul/2023 00:20:18] "GET /static/admin/css/responsive.css HTTP/1.1" 304 0
[21/Jul/2023 00:20:18] "GET /static/admin/js/vendor/jquery/jquery.js HTTP/1.1" 304 0
[21/Jul/2023 00:20:18] "GET /static/ckeditor/ckeditor-init.js HTTP/1.1" 304 0
[21/Jul/2023 00:20:18] "GET /static/admin/js/calendar.js HTTP/1.1" 304 0
[21/Jul/2023 00:20:18] "GET /static/admin/js/jquery.init.js HTTP/1.1" 304 0
[21/Jul/2023 00:20:18] "GET /static/admin/js/admin/RelatedObjectLookups.js HTTP/1.1" 304 0
[21/Jul/2023 00:20:18] "GET /static/admin/css/widgets.css HTTP/1.1" 304 0
[21/Jul/2023 00:20:18] "GET /static/admin/js/core.js HTTP/1.1" 304 0
[21/Jul/2023 00:20:18] "GET /static/admin/js/admin/DateTimeShortcuts.js HTTP/1.1" 304 0
[21/Jul/2023 00:20:18] "GET /static/ckeditor/ckeditor/ckeditor.js HTTP/1.1" 304 0
[21/Jul/2023 00:20:18] "GET /static/admin/js/urlify.js HTTP/1.1" 304 0
[21/Jul/2023 00:20:18] "GET /static/admin/js/prepopulate.js HTTP/1.1" 304 0
[21/Jul/2023 00:20:18] "GET /static/admin/js/actions.js HTTP/1.1" 304 0
[21/Jul/2023 00:20:18] "GET /static/admin/js/vendor/xregexp/xregexp.js HTTP/1.1" 304 0
[21/Jul/2023 00:20:18] "GET /static/admin/js/prepopulate_init.js HTTP/1.1" 304 0
[21/Jul/2023 00:20:18] "GET /static/admin/js/theme.js HTTP/1.1" 304 0
[21/Jul/2023 00:20:18] "GET /static/admin/js/nav_sidebar.js HTTP/1.1" 304 0
[21/Jul/2023 00:20:18] "GET /static/admin/img/icon-changelink.svg HTTP/1.1" 304 0
[21/Jul/2023 00:20:18] "GET /static/admin/img/icon-viewlink.svg HTTP/1.1" 304 0
[21/Jul/2023 00:20:18] "GET /static/admin/img/icon-addlink.svg HTTP/1.1" 304 0
[21/Jul/2023 00:20:18] "GET /static/admin/js/change_form.js HTTP/1.1" 304 0
[21/Jul/2023 00:20:18] "GET /static/ckeditor/ckeditor/config.js?t=N2M9 HTTP/1.1" 304 0
[21/Jul/2023 00:20:18] "GET /static/ckeditor/ckeditor/skins/moono/skin.js?t=N2M9 HTTP/1.1" 404 1883
[21/Jul/2023 00:20:19] "GET /static/ckeditor/ckeditor/skins/moono/editor.css?t=N2M9 HTTP/1.1" 304 0
[21/Jul/2023 00:20:19] "GET /static/ckeditor/ckeditor/lang/zh-cn.js?t=N2M9 HTTP/1.1" 304 0
[21/Jul/2023 00:20:19] "GET /static/ckeditor/ckeditor/styles.js?t=N2M9 HTTP/1.1" 304 0
[21/Jul/2023 00:20:19] "GET /static/ckeditor/ckeditor/plugins/autoembed/plugin.js?t=N2M9 HTTP/1.1" 304 0
[21/Jul/2023 00:20:19] "GET /static/ckeditor/ckeditor/plugins/autolink/plugin.js?t=N2M9 HTTP/1.1" 304 0
[21/Jul/2023 00:20:19] "GET /static/ckeditor/ckeditor/plugins/embedsemantic/plugin.js?t=N2M9 HTTP/1.1" 304 0
[21/Jul/2023 00:20:19] "GET /static/ckeditor/ckeditor/plugins/autogrow/plugin.js?t=N2M9 HTTP/1.1" 304 0
[21/Jul/2023 00:20:19] "GET /static/ckeditor/ckeditor/plugins/embedbase/plugin.js?t=N2M9 HTTP/1.1" 304 0
[21/Jul/2023 00:20:19] "GET /static/ckeditor/ckeditor/plugins/tableselection/styles/tableselection.css?t=N2M9 HTTP/1.1" 304 0
[21/Jul/2023 00:20:19] "GET /static/ckeditor/ckeditor/plugins/scayt/dialogs/dialog.css?t=N2M9 HTTP/1.1" 304 0
[21/Jul/2023 00:20:19] "GET /static/ckeditor/ckeditor/plugins/embedbase/lang/zh-cn.js?t=N2M9 HTTP/1.1" 304 0
[21/Jul/2023 00:20:19] "GET /static/ckeditor/ckeditor/plugins/autoembed/lang/zh.js?t=N2M9 HTTP/1.1" 304 0
[21/Jul/2023 00:20:19] "GET /static/ckeditor/ckeditor/plugins/copyformatting/styles/copyformatting.css?t=N2M9 HTTP/1.1" 304 0
[21/Jul/2023 00:20:19] "GET /static/ckeditor/ckeditor/plugins/dialog/styles/dialog.css?t=N2M9 HTTP/1.1" 304 0
[21/Jul/2023 00:20:19] "GET /static/ckeditor/ckeditor/skins/moono/icons_hidpi.png?t=b47abaf HTTP/1.1" 304 0
[21/Jul/2023 00:20:19] "GET /static/ckeditor/ckeditor/contents.css?t=N2M9 HTTP/1.1" 304 0
[21/Jul/2023 00:20:19] "GET /static/admin/img/icon-calendar.svg HTTP/1.1" 304 0
[21/Jul/2023 00:20:30] "GET /admin/ HTTP/1.1" 200 9299
[21/Jul/2023 00:20:30] "GET /static/admin/css/dashboard.css HTTP/1.1" 304 0
[21/Jul/2023 00:26:11] "GET /static/ckeditor/ckeditor/skins/moono/images/hidpi/refresh.png HTTP/1.1" 200 1842
[21/Jul/2023 00:28:00] "GET /static/ckeditor/ckeditor/skins/moono/icons_hidpi.png?t=b47abaf HTTP/1.1" 200 67753
Unknown command: 'manage.py'
Type 'manage.py help' for usage.
Watching for file changes with StatReloader
[21/Jul/2023 00:41:36] "GET /admin/ HTTP/1.1" 200 9221
[21/Jul/2023 00:41:37] "GET /static/admin/css/base.css HTTP/1.1" 304 0
[21/Jul/2023 00:41:37] "GET /static/admin/css/dark_mode.css HTTP/1.1" 304 0
[21/Jul/2023 00:41:37] "GET /static/admin/css/responsive.css HTTP/1.1" 304 0
[21/Jul/2023 00:41:37] "GET /static/admin/css/dashboard.css HTTP/1.1" 304 0
[21/Jul/2023 00:41:38] "GET /static/admin/js/nav_sidebar.js HTTP/1.1" 304 0
[21/Jul/2023 00:41:38] "GET /static/admin/js/theme.js HTTP/1.1" 304 0
[21/Jul/2023 00:41:42] "GET /static/admin/img/icon-addlink.svg HTTP/1.1" 304 0
[21/Jul/2023 00:41:42] "GET /static/admin/img/icon-changelink.svg HTTP/1.1" 304 0
Not Found: /favicon.ico
[21/Jul/2023 00:41:42] "GET /favicon.ico HTTP/1.1" 404 2574
[21/Jul/2023 00:41:47] "GET /admin/web/projectmodel/ HTTP/1.1" 200 20720
[21/Jul/2023 00:41:47] "GET /static/admin/css/nav_sidebar.css HTTP/1.1" 304 0
[21/Jul/2023 00:41:47] "GET /admin/jsi18n/ HTTP/1.1" 200 8560
[21/Jul/2023 00:41:47] "GET /static/admin/css/changelists.css HTTP/1.1" 304 0
[21/Jul/2023 00:41:47] "GET /static/admin/js/core.js HTTP/1.1" 304 0
[21/Jul/2023 00:41:48] "GET /static/admin/js/vendor/jquery/jquery.js HTTP/1.1" 304 0
[21/Jul/2023 00:41:48] "GET /static/admin/js/admin/RelatedObjectLookups.js HTTP/1.1" 304 0
[21/Jul/2023 00:41:48] "GET /static/admin/js/urlify.js HTTP/1.1" 304 0
[21/Jul/2023 00:41:48] "GET /static/admin/js/prepopulate.js HTTP/1.1" 304 0
[21/Jul/2023 00:41:48] "GET /static/admin/js/vendor/xregexp/xregexp.js HTTP/1.1" 304 0
[21/Jul/2023 00:41:48] "GET /static/admin/js/actions.js HTTP/1.1" 304 0
[21/Jul/2023 00:41:49] "GET /static/admin/js/filters.js HTTP/1.1" 304 0
[21/Jul/2023 00:41:49] "GET /static/admin/img/search.svg HTTP/1.1" 304 0
[21/Jul/2023 00:41:50] "GET /static/admin/img/icon-no.svg HTTP/1.1" 304 0
[21/Jul/2023 00:41:50] "GET /static/admin/js/jquery.init.js HTTP/1.1" 304 0
[21/Jul/2023 00:41:50] "GET /static/admin/img/tooltag-add.svg HTTP/1.1" 304 0
[21/Jul/2023 00:41:50] "GET /static/admin/img/icon-yes.svg HTTP/1.1" 304 0
[21/Jul/2023 00:41:51] "GET /static/admin/img/sorting-icons.svg HTTP/1.1" 304 0
[21/Jul/2023 00:42:05] "GET /admin/web/projectmodel/?status__exact=0 HTTP/1.1" 200 19430
[21/Jul/2023 00:42:06] "GET /admin/jsi18n/ HTTP/1.1" 200 8560
[21/Jul/2023 00:42:09] "GET /admin/web/projectmodel/?priority__exact=2&status__exact=0 HTTP/1.1" 200 14788
[21/Jul/2023 00:42:09] "GET /admin/jsi18n/ HTTP/1.1" 200 8560
[21/Jul/2023 00:42:15] "GET /admin/web/projectmodel/8/change/?_changelist_filters=priority__exact%3D2%26status__exact%3D0 HTTP/1.1" 200 23206
[21/Jul/2023 00:42:15] "GET /static/admin/css/forms.css HTTP/1.1" 304 0
[21/Jul/2023 00:42:15] "GET /static/ckeditor/ckeditor.css HTTP/1.1" 304 0
[21/Jul/2023 00:42:15] "GET /static/ckeditor/ckeditor-init.js HTTP/1.1" 304 0
[21/Jul/2023 00:42:15] "GET /static/admin/js/calendar.js HTTP/1.1" 304 0
[21/Jul/2023 00:42:15] "GET /admin/jsi18n/ HTTP/1.1" 200 8560
[21/Jul/2023 00:42:16] "GET /static/ckeditor/ckeditor/ckeditor.js HTTP/1.1" 304 0
[21/Jul/2023 00:42:16] "GET /static/admin/js/admin/DateTimeShortcuts.js HTTP/1.1" 304 0
[21/Jul/2023 00:42:16] "GET /static/admin/js/prepopulate_init.js HTTP/1.1" 304 0
[21/Jul/2023 00:42:16] "GET /static/admin/css/widgets.css HTTP/1.1" 304 0
[21/Jul/2023 00:42:16] "GET /static/admin/js/change_form.js HTTP/1.1" 304 0
[21/Jul/2023 00:42:16] "GET /static/ckeditor/ckeditor/config.js?t=N2M9 HTTP/1.1" 304 0
[21/Jul/2023 00:42:16] "GET /static/ckeditor/ckeditor/skins/moono/skin.js?t=N2M9 HTTP/1.1" 404 1883
[21/Jul/2023 00:42:17] "GET /static/ckeditor/ckeditor/lang/zh-cn.js?t=N2M9 HTTP/1.1" 304 0
[21/Jul/2023 00:42:17] "GET /static/ckeditor/ckeditor/skins/moono/editor.css?t=N2M9 HTTP/1.1" 304 0
[21/Jul/2023 00:42:17] "GET /static/ckeditor/ckeditor/styles.js?t=N2M9 HTTP/1.1" 304 0
[21/Jul/2023 00:42:17] "GET /static/ckeditor/ckeditor/plugins/autoembed/plugin.js?t=N2M9 HTTP/1.1" 304 0
[21/Jul/2023 00:42:17] "GET /static/ckeditor/ckeditor/plugins/autolink/plugin.js?t=N2M9 HTTP/1.1" 304 0
[21/Jul/2023 00:42:17] "GET /static/ckeditor/ckeditor/plugins/autogrow/plugin.js?t=N2M9 HTTP/1.1" 304 0
[21/Jul/2023 00:42:18] "GET /static/ckeditor/ckeditor/plugins/embedsemantic/plugin.js?t=N2M9 HTTP/1.1" 304 0
[21/Jul/2023 00:42:19] "GET /static/ckeditor/ckeditor/plugins/embedbase/plugin.js?t=N2M9 HTTP/1.1" 304 0
[21/Jul/2023 00:42:19] "GET /static/ckeditor/ckeditor/plugins/scayt/dialogs/dialog.css?t=N2M9 HTTP/1.1" 304 0
[21/Jul/2023 00:42:19] "GET /static/ckeditor/ckeditor/plugins/tableselection/styles/tableselection.css?t=N2M9 HTTP/1.1" 304 0
[21/Jul/2023 00:42:19] "GET /static/ckeditor/ckeditor/plugins/embedbase/lang/zh-cn.js?t=N2M9 HTTP/1.1" 304 0
[21/Jul/2023 00:42:19] "GET /static/ckeditor/ckeditor/plugins/autoembed/lang/zh.js?t=N2M9 HTTP/1.1" 304 0
[21/Jul/2023 00:42:20] "GET /static/ckeditor/ckeditor/plugins/dialog/styles/dialog.css?t=N2M9 HTTP/1.1" 304 0
[21/Jul/2023 00:42:20] "GET /static/ckeditor/ckeditor/skins/moono/icons.png?t=b47abaf HTTP/1.1" 304 0
[21/Jul/2023 00:42:20] "GET /static/ckeditor/ckeditor/contents.css?t=N2M9 HTTP/1.1" 304 0
[21/Jul/2023 00:42:20] "GET /static/ckeditor/ckeditor/plugins/copyformatting/styles/copyformatting.css?t=N2M9 HTTP/1.1" 304 0
[21/Jul/2023 00:42:21] "GET /static/admin/img/icon-calendar.svg HTTP/1.1" 304 0
[21/Jul/2023 00:42:46] "GET /static/ckeditor/ckeditor/plugins/magicline/images/icon.png?t=N2M9 HTTP/1.1" 304 0
[21/Jul/2023 00:43:12] "POST /admin/web/projectmodel/8/change/?_changelist_filters=priority__exact%3D2%26status__exact%3D0 HTTP/1.1" 302 0
[21/Jul/2023 00:43:13] "GET /admin/web/projectmodel/?priority__exact=2&status__exact=0 HTTP/1.1" 200 14494
[21/Jul/2023 00:43:13] "GET /admin/jsi18n/ HTTP/1.1" 200 8560
[21/Jul/2023 00:43:22] "GET /admin/web/projectmodel/?priority__exact=2&status__exact=1 HTTP/1.1" 200 10369
[21/Jul/2023 00:43:23] "GET /admin/jsi18n/ HTTP/1.1" 200 8560
[21/Jul/2023 00:43:28] "GET /admin/web/projectmodel/?priority__exact=2&status__exact=0 HTTP/1.1" 200 14291
[21/Jul/2023 00:43:28] "GET /admin/jsi18n/ HTTP/1.1" 200 8560
[21/Jul/2023 00:43:31] "GET /admin/web/projectmodel/?priority__exact=1&status__exact=0 HTTP/1.1" 200 15295
[21/Jul/2023 00:43:31] "GET /admin/jsi18n/ HTTP/1.1" 200 8560
[21/Jul/2023 00:44:10] "GET /admin/web/projectmodel/1/change/?_changelist_filters=priority__exact%3D1%26status__exact%3D0 HTTP/1.1" 200 23254
[21/Jul/2023 00:44:11] "GET /admin/jsi18n/ HTTP/1.1" 200 8560
[21/Jul/2023 00:44:11] "GET /static/ckeditor/ckeditor/skins/moono/skin.js?t=N2M9 HTTP/1.1" 404 1883
[21/Jul/2023 00:44:16] "POST /admin/web/projectmodel/1/change/?_changelist_filters=priority__exact%3D1%26status__exact%3D0 HTTP/1.1" 302 0
[21/Jul/2023 00:44:16] "GET /admin/web/projectmodel/?priority__exact=1&status__exact=0 HTTP/1.1" 200 14983
[21/Jul/2023 00:44:17] "GET /admin/jsi18n/ HTTP/1.1" 200 8560
[21/Jul/2023 00:44:21] "GET /admin/web/projectmodel/2/change/?_changelist_filters=priority__exact%3D1%26status__exact%3D0 HTTP/1.1" 200 23947
[21/Jul/2023 00:44:21] "GET /admin/jsi18n/ HTTP/1.1" 200 8560
[21/Jul/2023 00:44:22] "GET /static/ckeditor/ckeditor/skins/moono/skin.js?t=N2M9 HTTP/1.1" 404 1883
[21/Jul/2023 00:45:00] "POST /admin/web/projectmodel/2/change/?_changelist_filters=priority__exact%3D1%26status__exact%3D0 HTTP/1.1" 302 0
[21/Jul/2023 00:45:01] "GET /admin/web/projectmodel/?priority__exact=1&status__exact=0 HTTP/1.1" 200 14983
[21/Jul/2023 00:45:01] "GET /admin/jsi18n/ HTTP/1.1" 200 8560
[21/Jul/2023 00:45:33] "GET /admin/web/projectmodel/2/change/?_changelist_filters=priority__exact%3D1%26status__exact%3D0 HTTP/1.1" 200 23982
[21/Jul/2023 00:45:33] "GET /admin/jsi18n/ HTTP/1.1" 200 8560
[21/Jul/2023 00:45:33] "GET /static/ckeditor/ckeditor/skins/moono/skin.js?t=N2M9 HTTP/1.1" 404 1883
[21/Jul/2023 00:45:42] "POST /admin/web/projectmodel/2/change/?_changelist_filters=priority__exact%3D1%26status__exact%3D0 HTTP/1.1" 302 0
[21/Jul/2023 00:45:43] "GET /admin/web/projectmodel/?priority__exact=1&status__exact=0 HTTP/1.1" 200 14408
[21/Jul/2023 00:45:43] "GET /admin/jsi18n/ HTTP/1.1" 200 8560
[21/Jul/2023 00:45:49] "GET /admin/web/projectmodel/?priority__exact=0&status__exact=0 HTTP/1.1" 200 16183
[21/Jul/2023 00:45:50] "GET /admin/jsi18n/ HTTP/1.1" 200 8560
[21/Jul/2023 00:46:06] "GET /admin/web/projectmodel/7/change/?_changelist_filters=priority__exact%3D0%26status__exact%3D0 HTTP/1.1" 200 22365
[21/Jul/2023 00:46:07] "GET /admin/jsi18n/ HTTP/1.1" 200 8560
[21/Jul/2023 00:46:08] "GET /static/ckeditor/ckeditor/skins/moono/skin.js?t=N2M9 HTTP/1.1" 404 1883
[21/Jul/2023 00:46:13] "POST /admin/web/projectmodel/7/change/?_changelist_filters=priority__exact%3D0%26status__exact%3D0 HTTP/1.1" 302 0
[21/Jul/2023 00:46:14] "GET /admin/web/projectmodel/?priority__exact=0&status__exact=0 HTTP/1.1" 200 15894
[21/Jul/2023 00:46:15] "GET /admin/jsi18n/ HTTP/1.1" 200 8560
[21/Jul/2023 00:46:19] "GET /admin/web/projectmodel/?priority__exact=2&status__exact=0 HTTP/1.1" 200 15378
[21/Jul/2023 00:46:20] "GET /admin/jsi18n/ HTTP/1.1" 200 8560
[21/Jul/2023 00:46:37] "GET /admin/web/projectmodel/?priority__exact=2 HTTP/1.1" 200 14805
[21/Jul/2023 00:46:37] "GET /admin/jsi18n/ HTTP/1.1" 200 8560
[21/Jul/2023 00:46:39] "GET /admin/web/projectmodel/? HTTP/1.1" 200 20720
[21/Jul/2023 00:46:39] "GET /admin/jsi18n/ HTTP/1.1" 200 8560
[21/Jul/2023 00:46:53] "GET /admin/web/projectmodel/21/change/ HTTP/1.1" 200 22986
[21/Jul/2023 00:46:54] "GET /admin/jsi18n/ HTTP/1.1" 200 8560
[21/Jul/2023 00:46:54] "GET /static/ckeditor/ckeditor/skins/moono/skin.js?t=N2M9 HTTP/1.1" 404 1883
[21/Jul/2023 00:46:59] "GET /static/admin/img/calendar-icons.svg HTTP/1.1" 304 0
[21/Jul/2023 00:47:12] "POST /admin/web/projectmodel/21/change/ HTTP/1.1" 302 0
[21/Jul/2023 00:47:13] "GET /admin/web/projectmodel/ HTTP/1.1" 200 20913
[21/Jul/2023 00:47:13] "GET /admin/jsi18n/ HTTP/1.1" 200 8560
[21/Jul/2023 00:48:19] "GET /admin/web/projectmodel/?priority__exact=0 HTTP/1.1" 200 15104
[21/Jul/2023 00:48:19] "GET /admin/jsi18n/ HTTP/1.1" 200 8560
[21/Jul/2023 00:48:21] "GET /admin/web/projectmodel/8/change/?_changelist_filters=priority__exact%3D0 HTTP/1.1" 200 23188
[21/Jul/2023 00:48:22] "GET /admin/jsi18n/ HTTP/1.1" 200 8560
[21/Jul/2023 00:48:23] "GET /static/ckeditor/ckeditor/skins/moono/skin.js?t=N2M9 HTTP/1.1" 404 1883
[21/Jul/2023 00:49:47] "POST /admin/web/projectmodel/8/change/?_changelist_filters=priority__exact%3D0 HTTP/1.1" 302 0
[21/Jul/2023 00:49:47] "GET /admin/web/projectmodel/?priority__exact=0 HTTP/1.1" 200 15307
[21/Jul/2023 00:49:48] "GET /admin/jsi18n/ HTTP/1.1" 200 8560
[21/Jul/2023 00:49:55] "GET /static/ckeditor/ckeditor/skins/moono/images/hidpi/lock.png HTTP/1.1" 200 1299
[21/Jul/2023 00:50:23] "GET /admin/web/projectmodel/? HTTP/1.1" 200 20720
[21/Jul/2023 00:50:23] "GET /admin/jsi18n/ HTTP/1.1" 200 8560
[21/Jul/2023 00:50:27] "GET /admin/web/projectmodel/20/change/ HTTP/1.1" 200 22120
[21/Jul/2023 00:50:28] "GET /admin/jsi18n/ HTTP/1.1" 200 8560
[21/Jul/2023 00:50:28] "GET /static/ckeditor/ckeditor/skins/moono/skin.js?t=N2M9 HTTP/1.1" 404 1883
[21/Jul/2023 00:50:34] "GET /static/ckeditor/ckeditor/skins/moono/icons.png?t=b47abaf HTTP/1.1" 200 20634
[21/Jul/2023 00:50:47] "POST /admin/web/projectmodel/20/change/ HTTP/1.1" 302 0
[21/Jul/2023 00:50:48] "GET /admin/web/projectmodel/ HTTP/1.1" 200 20915
[21/Jul/2023 00:50:48] "GET /admin/jsi18n/ HTTP/1.1" 200 8560
[21/Jul/2023 00:51:45] "GET /admin/web/projectmodel/18/change/ HTTP/1.1" 200 22054
[21/Jul/2023 00:51:46] "GET /admin/jsi18n/ HTTP/1.1" 200 8560
[21/Jul/2023 00:51:47] "GET /static/ckeditor/ckeditor/skins/moono/skin.js?t=N2M9 HTTP/1.1" 404 1883
[21/Jul/2023 00:52:03] "POST /admin/web/projectmodel/18/change/ HTTP/1.1" 302 0
[21/Jul/2023 00:52:04] "GET /admin/web/projectmodel/ HTTP/1.1" 200 20919
[21/Jul/2023 00:52:04] "GET /admin/jsi18n/ HTTP/1.1" 200 8560
[21/Jul/2023 00:52:32] "GET /admin/web/projectmodel/17/change/ HTTP/1.1" 200 22189
[21/Jul/2023 00:52:33] "GET /admin/jsi18n/ HTTP/1.1" 200 8560
[21/Jul/2023 00:52:34] "GET /static/ckeditor/ckeditor/skins/moono/skin.js?t=N2M9 HTTP/1.1" 404 1883
[21/Jul/2023 00:53:23] "POST /admin/web/projectmodel/17/change/ HTTP/1.1" 302 0
[21/Jul/2023 00:53:23] "GET /admin/web/projectmodel/ HTTP/1.1" 200 20921
[21/Jul/2023 00:53:24] "GET /admin/jsi18n/ HTTP/1.1" 200 8560
[21/Jul/2023 00:53:45] "GET /admin/web/projectmodel/17/change/ HTTP/1.1" 200 22206
[21/Jul/2023 00:53:45] "GET /admin/jsi18n/ HTTP/1.1" 200 8560
[21/Jul/2023 00:53:46] "GET /static/ckeditor/ckeditor/skins/moono/skin.js?t=N2M9 HTTP/1.1" 404 1883
[21/Jul/2023 00:53:54] "GET /admin/web/projectmodel/ HTTP/1.1" 200 20720
[21/Jul/2023 00:54:20] "GET /admin/web/projectmodel/1/change/ HTTP/1.1" 200 23083
[21/Jul/2023 00:54:20] "GET /admin/jsi18n/ HTTP/1.1" 200 8560
[21/Jul/2023 00:54:21] "GET /static/ckeditor/ckeditor/skins/moono/skin.js?t=N2M9 HTTP/1.1" 404 1883
[21/Jul/2023 00:54:59] "POST /admin/web/projectmodel/1/change/ HTTP/1.1" 302 0
[21/Jul/2023 00:54:59] "GET /admin/web/projectmodel/ HTTP/1.1" 200 20920
[21/Jul/2023 00:55:00] "GET /admin/jsi18n/ HTTP/1.1" 200 8560
[21/Jul/2023 00:55:12] "GET /admin/web/projectmodel/16/change/ HTTP/1.1" 200 21967
[21/Jul/2023 00:55:12] "GET /admin/jsi18n/ HTTP/1.1" 200 8560
[21/Jul/2023 00:55:13] "GET /static/ckeditor/ckeditor/skins/moono/skin.js?t=N2M9 HTTP/1.1" 404 1883
[21/Jul/2023 00:55:29] "POST /admin/web/projectmodel/16/change/ HTTP/1.1" 302 0
[21/Jul/2023 00:55:30] "GET /admin/web/projectmodel/ HTTP/1.1" 200 20918
[21/Jul/2023 00:55:34] "GET /admin/jsi18n/ HTTP/1.1" 200 8560
[21/Jul/2023 00:56:11] "GET /admin/web/projectmodel/3/change/ HTTP/1.1" 200 23605
[21/Jul/2023 00:56:12] "GET /admin/jsi18n/ HTTP/1.1" 200 8560
[21/Jul/2023 00:56:13] "GET /static/ckeditor/ckeditor/skins/moono/skin.js?t=N2M9 HTTP/1.1" 404 1883
[21/Jul/2023 00:56:22] "POST /admin/web/projectmodel/3/change/ HTTP/1.1" 302 0
[21/Jul/2023 00:56:23] "GET /admin/web/projectmodel/ HTTP/1.1" 200 20923
[21/Jul/2023 00:56:24] "GET /admin/jsi18n/ HTTP/1.1" 200 8560
[21/Jul/2023 00:56:49] "GET /admin/web/projectmodel/15/change/ HTTP/1.1" 200 22163
[21/Jul/2023 00:56:49] "GET /admin/jsi18n/ HTTP/1.1" 200 8560
[21/Jul/2023 00:56:50] "GET /static/ckeditor/ckeditor/skins/moono/skin.js?t=N2M9 HTTP/1.1" 404 1883
[21/Jul/2023 00:57:10] "POST /admin/web/projectmodel/15/change/ HTTP/1.1" 302 0
[21/Jul/2023 00:57:10] "GET /admin/web/projectmodel/ HTTP/1.1" 200 20910
[21/Jul/2023 00:57:10] "GET /admin/jsi18n/ HTTP/1.1" 200 8560
[21/Jul/2023 00:57:30] "GET /admin/web/projectmodel/2/change/ HTTP/1.1" 200 23792
[21/Jul/2023 00:57:30] "GET /admin/jsi18n/ HTTP/1.1" 200 8560
[21/Jul/2023 00:57:31] "GET /static/ckeditor/ckeditor/skins/moono/skin.js?t=N2M9 HTTP/1.1" 404 1883
[21/Jul/2023 00:57:40] "POST /admin/web/projectmodel/2/change/ HTTP/1.1" 302 0
[21/Jul/2023 00:57:41] "GET /admin/web/projectmodel/ HTTP/1.1" 200 20920
[21/Jul/2023 00:57:42] "GET /admin/jsi18n/ HTTP/1.1" 200 8560
[21/Jul/2023 00:58:28] "GET /admin/web/projectmodel/14/change/ HTTP/1.1" 200 22258
[21/Jul/2023 00:58:28] "GET /admin/jsi18n/ HTTP/1.1" 200 8560
[21/Jul/2023 00:58:29] "GET /static/ckeditor/ckeditor/skins/moono/skin.js?t=N2M9 HTTP/1.1" 404 1883
[21/Jul/2023 00:58:52] "POST /admin/web/projectmodel/14/change/ HTTP/1.1" 302 0
[21/Jul/2023 00:58:53] "GET /admin/web/projectmodel/ HTTP/1.1" 200 20924
[21/Jul/2023 00:58:53] "GET /admin/jsi18n/ HTTP/1.1" 200 8560
[21/Jul/2023 01:02:20] "GET /static/ckeditor/ckeditor/plugins/magicline/images/icon.png?t=N2M9 HTTP/1.1" 200 133
[21/Jul/2023 01:05:30,994] - Broken pipe from ('87.251.64.11', 63556)
Watching for file changes with StatReloader
/www/wwwroot/project-management-system/web/models.py changed, reloading.
Performing system checks...

System check identified no issues (0 silenced).
July 21, 2023 - 01:48:24
Django version 4.2.3, using settings 'project_sys.settings'
Starting development server at http://0.0.0.0:8100/
Quit the server with CONTROL-C.

Watching for file changes with StatReloader
[21/Jul/2023 01:49:09] "GET /admin/web/projectmodel/ HTTP/1.1" 200 21556
[21/Jul/2023 01:49:09] "GET /admin/jsi18n/ HTTP/1.1" 200 8560
Not Found: /favicon.ico
[21/Jul/2023 01:49:09] "GET /favicon.ico HTTP/1.1" 404 2574
[21/Jul/2023 01:49:47] "GET /admin/web/projectmodel/ HTTP/1.1" 200 21556
[21/Jul/2023 01:49:48] "GET /admin/jsi18n/ HTTP/1.1" 200 8560
[21/Jul/2023 01:49:50] "GET /admin/web/projectmodel/2/change/ HTTP/1.1" 200 23792
[21/Jul/2023 01:49:50] "GET /admin/jsi18n/ HTTP/1.1" 200 8560
[21/Jul/2023 01:49:51] "GET /static/ckeditor/ckeditor/skins/moono/skin.js?t=N2M9 HTTP/1.1" 404 1883
[21/Jul/2023 01:49:51] "GET /admin/web/projectmodel/ HTTP/1.1" 200 21556
[21/Jul/2023 01:49:54] "GET /admin/web/projectmodel/3/change/ HTTP/1.1" 200 23619
[21/Jul/2023 01:49:55] "GET /admin/jsi18n/ HTTP/1.1" 200 8560
[21/Jul/2023 01:49:55] "GET /static/ckeditor/ckeditor/skins/moono/skin.js?t=N2M9 HTTP/1.1" 404 1883
[21/Jul/2023 01:49:56] "GET /admin/web/projectmodel/ HTTP/1.1" 200 21556
[21/Jul/2023 01:50:05] "GET /admin/web/projectmodel/19/change/ HTTP/1.1" 200 22111
[21/Jul/2023 01:50:05] "GET /admin/jsi18n/ HTTP/1.1" 200 8560
[21/Jul/2023 01:50:06] "GET /static/ckeditor/ckeditor/skins/moono/skin.js?t=N2M9 HTTP/1.1" 404 1883
[21/Jul/2023 01:50:10] "GET /admin/web/projectmodel/ HTTP/1.1" 200 21556
[21/Jul/2023 01:50:54] "GET /admin/web/projectmodel/16/change/ HTTP/1.1" 200 21986
[21/Jul/2023 01:50:55] "GET /admin/jsi18n/ HTTP/1.1" 200 8560
[21/Jul/2023 01:50:55] "GET /static/ckeditor/ckeditor/skins/moono/skin.js?t=N2M9 HTTP/1.1" 404 1883
[21/Jul/2023 01:51:06] "POST /admin/web/projectmodel/16/change/ HTTP/1.1" 302 0
[21/Jul/2023 01:51:06] "GET /admin/web/projectmodel/ HTTP/1.1" 200 21754
[21/Jul/2023 01:51:07] "GET /admin/jsi18n/ HTTP/1.1" 200 8560
[21/Jul/2023 01:51:20] "GET /admin/web/projectmodel/8/change/ HTTP/1.1" 200 23181
[21/Jul/2023 01:51:20] "GET /admin/jsi18n/ HTTP/1.1" 200 8560
[21/Jul/2023 01:51:21] "GET /static/ckeditor/ckeditor/skins/moono/skin.js?t=N2M9 HTTP/1.1" 404 1883
[21/Jul/2023 01:52:13] "POST /admin/web/projectmodel/8/change/ HTTP/1.1" 302 0
[21/Jul/2023 01:52:14] "GET /admin/web/projectmodel/ HTTP/1.1" 200 21759
[21/Jul/2023 01:52:15] "GET /admin/jsi18n/ HTTP/1.1" 200 8560
[21/Jul/2023 01:52:23] "GET /admin/web/projectmodel/8/change/ HTTP/1.1" 200 23181
[21/Jul/2023 01:52:23] "GET /admin/jsi18n/ HTTP/1.1" 200 8560
[21/Jul/2023 01:52:24] "GET /static/ckeditor/ckeditor/skins/moono/skin.js?t=N2M9 HTTP/1.1" 404 1883
[21/Jul/2023 01:52:29] "GET /admin/ HTTP/1.1" 200 9219
[21/Jul/2023 01:52:32] "GET /admin/web/projectmodel/ HTTP/1.1" 200 21556
[21/Jul/2023 01:52:32] "GET /admin/jsi18n/ HTTP/1.1" 200 8560
[21/Jul/2023 01:53:23] "GET /admin/ HTTP/1.1" 200 9219
[21/Jul/2023 01:53:24] "GET /admin/web/projectmodel/ HTTP/1.1" 200 21556
[21/Jul/2023 01:53:24] "GET /admin/jsi18n/ HTTP/1.1" 200 8560
[21/Jul/2023 01:53:35] "GET /admin/web/projectmodel/?priority__exact=2 HTTP/1.1" 200 15111
[21/Jul/2023 01:53:36] "GET /admin/jsi18n/ HTTP/1.1" 200 8560
[21/Jul/2023 01:53:40] "GET /admin/web/projectmodel/?priority__exact=2&status__exact=0 HTTP/1.1" 200 15684
[21/Jul/2023 01:53:40] "GET /admin/jsi18n/ HTTP/1.1" 200 8560
[21/Jul/2023 01:54:08] "GET /admin/web/projectmodel/1/change/?_changelist_filters=priority__exact%3D2%26status__exact%3D0 HTTP/1.1" 200 23273
[21/Jul/2023 01:54:08] "GET /admin/jsi18n/ HTTP/1.1" 200 8560
[21/Jul/2023 01:54:08] "GET /static/ckeditor/ckeditor/skins/moono/skin.js?t=N2M9 HTTP/1.1" 404 1883
[21/Jul/2023 01:54:10] "GET /admin/web/projectmodel/?priority__exact=2&status__exact=0 HTTP/1.1" 200 15684
[21/Jul/2023 01:54:28] "GET /admin/web/projectmodel/2/change/?_changelist_filters=priority__exact%3D2%26status__exact%3D0 HTTP/1.1" 200 23982
[21/Jul/2023 01:54:28] "GET /admin/jsi18n/ HTTP/1.1" 200 8560
[21/Jul/2023 01:54:28] "GET /static/ckeditor/ckeditor/skins/moono/skin.js?t=N2M9 HTTP/1.1" 404 1883
[21/Jul/2023 01:54:33] "GET /admin/web/projectmodel/?priority__exact=2&status__exact=0 HTTP/1.1" 200 15684
[21/Jul/2023 01:54:35] "GET /admin/web/projectmodel/3/change/?_changelist_filters=priority__exact%3D2%26status__exact%3D0 HTTP/1.1" 200 23809
[21/Jul/2023 01:54:35] "GET /admin/jsi18n/ HTTP/1.1" 200 8560
[21/Jul/2023 01:54:35] "GET /static/ckeditor/ckeditor/skins/moono/skin.js?t=N2M9 HTTP/1.1" 404 1883
[21/Jul/2023 01:55:30] "GET /admin/web/projectmodel/3/change/?_changelist_filters=priority__exact%3D2%26status__exact%3D0 HTTP/1.1" 200 23809
[21/Jul/2023 01:55:30] "GET /admin/jsi18n/ HTTP/1.1" 200 8560
[21/Jul/2023 01:55:30] "GET /static/ckeditor/ckeditor/skins/moono/skin.js?t=N2M9 HTTP/1.1" 404 1883
[21/Jul/2023 01:57:52] "GET /static/ckeditor/ckeditor/plugins/liststyle/dialogs/liststyle.js?t=N2M9 HTTP/1.1" 304 0
[21/Jul/2023 01:59:16] "POST /admin/web/projectmodel/3/change/?_changelist_filters=priority__exact%3D2%26status__exact%3D0 HTTP/1.1" 302 0
[21/Jul/2023 01:59:17] "GET /admin/web/projectmodel/?priority__exact=2&status__exact=0 HTTP/1.1" 200 15887
[21/Jul/2023 01:59:17] "GET /admin/jsi18n/ HTTP/1.1" 200 8560
[21/Jul/2023 01:59:20] "GET /admin/web/projectmodel/3/change/?_changelist_filters=priority__exact%3D2%26status__exact%3D0 HTTP/1.1" 200 24065
[21/Jul/2023 01:59:20] "GET /admin/jsi18n/ HTTP/1.1" 200 8560
[21/Jul/2023 01:59:20] "GET /static/ckeditor/ckeditor/skins/moono/skin.js?t=N2M9 HTTP/1.1" 404 1883
[21/Jul/2023 01:59:44] "GET /admin/ HTTP/1.1" 200 9223
[21/Jul/2023 01:59:46] "GET /admin/web/projectmodel/ HTTP/1.1" 200 21556
[21/Jul/2023 01:59:47] "GET /admin/jsi18n/ HTTP/1.1" 200 8560
[21/Jul/2023 01:59:55] "GET /admin/web/projectmodel/add/ HTTP/1.1" 200 21590
[21/Jul/2023 01:59:55] "GET /admin/jsi18n/ HTTP/1.1" 200 8560
[21/Jul/2023 01:59:56] "GET /static/ckeditor/ckeditor/skins/moono/skin.js?t=N2M9 HTTP/1.1" 404 1883
[21/Jul/2023 02:00:27] "GET /static/ckeditor/ckeditor/plugins/clipboard/dialogs/paste.js?t=N2M9 HTTP/1.1" 304 0
[21/Jul/2023 02:00:41] "GET /static/admin/img/calendar-icons.svg HTTP/1.1" 200 1094
[21/Jul/2023 02:01:03] "POST /admin/web/projectmodel/add/ HTTP/1.1" 200 21820
[21/Jul/2023 02:01:03] "GET /admin/jsi18n/ HTTP/1.1" 200 8560
[21/Jul/2023 02:01:04] "GET /static/ckeditor/ckeditor/skins/moono/skin.js?t=N2M9 HTTP/1.1" 404 1883
[21/Jul/2023 02:01:18] "POST /admin/web/projectmodel/add/ HTTP/1.1" 302 0
[21/Jul/2023 02:01:18] "GET /admin/web/projectmodel/ HTTP/1.1" 200 22196
[21/Jul/2023 02:01:18] "GET /admin/jsi18n/ HTTP/1.1" 200 8560
[21/Jul/2023 02:01:21] "GET /admin/web/projectmodel/add/ HTTP/1.1" 200 21590
[21/Jul/2023 02:01:21] "GET /admin/jsi18n/ HTTP/1.1" 200 8560
[21/Jul/2023 02:01:21] "GET /static/ckeditor/ckeditor/skins/moono/skin.js?t=N2M9 HTTP/1.1" 404 1883
[21/Jul/2023 02:02:44] "POST /admin/web/projectmodel/add/ HTTP/1.1" 302 0
[21/Jul/2023 02:02:44] "GET /admin/web/projectmodel/ HTTP/1.1" 200 22638
[21/Jul/2023 02:02:44] "GET /admin/jsi18n/ HTTP/1.1" 200 8560
[21/Jul/2023 02:02:51] "GET /admin/web/projectmodel/?status__exact=0 HTTP/1.1" 200 21035
[21/Jul/2023 02:02:51] "GET /admin/jsi18n/ HTTP/1.1" 200 8560
[21/Jul/2023 02:02:55] "GET /admin/web/projectmodel/?priority__exact=1&status__exact=0 HTTP/1.1" 200 15974
[21/Jul/2023 02:02:55] "GET /admin/jsi18n/ HTTP/1.1" 200 8560
[21/Jul/2023 02:06:01,964] - Broken pipe from ('218.18.166.96', 39164)
[21/Jul/2023 02:06:01,965] - Broken pipe from ('218.18.166.96', 39165)
[21/Jul/2023 03:08:48] code 400, message Bad HTTP/0.9 request type ('\x03\x00\x00/*à\x00\x00\x00\x00\x00Cookie:')
[21/Jul/2023 03:08:48] "  /*à     Cookie: mstshash=Administr" 400 -
[21/Jul/2023 10:30:40] "GET /admin/web/projectmodel/?priority__exact=1&status__exact=0 HTTP/1.1" 200 15974
[21/Jul/2023 10:30:40] "GET /static/admin/css/base.css HTTP/1.1" 304 0
[21/Jul/2023 10:30:40] "GET /static/admin/css/dark_mode.css HTTP/1.1" 304 0
[21/Jul/2023 10:30:40] "GET /static/admin/css/nav_sidebar.css HTTP/1.1" 304 0
[21/Jul/2023 10:30:40] "GET /static/admin/css/changelists.css HTTP/1.1" 304 0
[21/Jul/2023 10:30:40] "GET /static/admin/css/responsive.css HTTP/1.1" 304 0
[21/Jul/2023 10:30:40] "GET /admin/jsi18n/ HTTP/1.1" 200 8560
[21/Jul/2023 10:30:40] "GET /static/admin/js/vendor/jquery/jquery.js HTTP/1.1" 304 0
[21/Jul/2023 10:30:40] "GET /static/admin/js/jquery.init.js HTTP/1.1" 304 0
[21/Jul/2023 10:30:40] "GET /static/admin/js/core.js HTTP/1.1" 304 0
[21/Jul/2023 10:30:40] "GET /static/admin/js/actions.js HTTP/1.1" 304 0
[21/Jul/2023 10:30:40] "GET /static/admin/js/urlify.js HTTP/1.1" 304 0
[21/Jul/2023 10:30:40] "GET /static/admin/js/admin/RelatedObjectLookups.js HTTP/1.1" 304 0
[21/Jul/2023 10:30:40] "GET /static/admin/js/prepopulate.js HTTP/1.1" 304 0
[21/Jul/2023 10:30:40] "GET /static/admin/js/vendor/xregexp/xregexp.js HTTP/1.1" 304 0
[21/Jul/2023 10:30:40] "GET /static/admin/js/theme.js HTTP/1.1" 304 0
[21/Jul/2023 10:30:40] "GET /static/admin/js/nav_sidebar.js HTTP/1.1" 304 0
[21/Jul/2023 10:30:40] "GET /static/admin/js/filters.js HTTP/1.1" 304 0
[21/Jul/2023 10:30:40] "GET /static/admin/img/search.svg HTTP/1.1" 304 0
[21/Jul/2023 10:30:40] "GET /static/admin/img/icon-no.svg HTTP/1.1" 304 0
[21/Jul/2023 10:30:40] "GET /static/admin/img/tooltag-add.svg HTTP/1.1" 304 0
[21/Jul/2023 10:30:40] "GET /static/admin/img/sorting-icons.svg HTTP/1.1" 304 0
Not Found: /favicon.ico
[21/Jul/2023 10:30:40] "GET /favicon.ico HTTP/1.1" 404 2574
[21/Jul/2023 10:30:46] "GET /admin/web/projectmodel/19/change/?_changelist_filters=priority__exact%3D1%26status__exact%3D0 HTTP/1.1" 200 22301
[21/Jul/2023 10:30:46] "GET /static/admin/css/forms.css HTTP/1.1" 304 0
[21/Jul/2023 10:30:46] "GET /static/admin/js/calendar.js HTTP/1.1" 304 0
[21/Jul/2023 10:30:46] "GET /static/ckeditor/ckeditor.css HTTP/1.1" 304 0
[21/Jul/2023 10:30:46] "GET /static/ckeditor/ckeditor/ckeditor.js HTTP/1.1" 304 0
[21/Jul/2023 10:30:46] "GET /static/ckeditor/ckeditor-init.js HTTP/1.1" 304 0
[21/Jul/2023 10:30:46] "GET /admin/jsi18n/ HTTP/1.1" 200 8560
[21/Jul/2023 10:30:46] "GET /static/admin/js/admin/DateTimeShortcuts.js HTTP/1.1" 304 0
[21/Jul/2023 10:30:46] "GET /static/admin/css/widgets.css HTTP/1.1" 304 0
[21/Jul/2023 10:30:46] "GET /static/admin/js/prepopulate_init.js HTTP/1.1" 304 0
[21/Jul/2023 10:30:46] "GET /static/admin/js/change_form.js HTTP/1.1" 304 0
[21/Jul/2023 10:30:46] "GET /static/ckeditor/ckeditor/config.js?t=N2M9 HTTP/1.1" 304 0
[21/Jul/2023 10:30:47] "GET /static/ckeditor/ckeditor/skins/moono/skin.js?t=N2M9 HTTP/1.1" 404 1883
[21/Jul/2023 10:30:47] "GET /static/ckeditor/ckeditor/skins/moono/editor.css?t=N2M9 HTTP/1.1" 304 0
[21/Jul/2023 10:30:47] "GET /static/ckeditor/ckeditor/lang/zh-cn.js?t=N2M9 HTTP/1.1" 304 0
[21/Jul/2023 10:30:47] "GET /static/ckeditor/ckeditor/styles.js?t=N2M9 HTTP/1.1" 304 0
[21/Jul/2023 10:30:47] "GET /static/ckeditor/ckeditor/plugins/autoembed/plugin.js?t=N2M9 HTTP/1.1" 304 0
[21/Jul/2023 10:30:47] "GET /static/ckeditor/ckeditor/plugins/autolink/plugin.js?t=N2M9 HTTP/1.1" 304 0
[21/Jul/2023 10:30:47] "GET /static/ckeditor/ckeditor/plugins/autogrow/plugin.js?t=N2M9 HTTP/1.1" 304 0
[21/Jul/2023 10:30:47] "GET /static/ckeditor/ckeditor/plugins/embedsemantic/plugin.js?t=N2M9 HTTP/1.1" 304 0
[21/Jul/2023 10:30:47] "GET /static/ckeditor/ckeditor/plugins/embedbase/plugin.js?t=N2M9 HTTP/1.1" 304 0
[21/Jul/2023 10:30:47] "GET /static/ckeditor/ckeditor/plugins/scayt/dialogs/dialog.css?t=N2M9 HTTP/1.1" 304 0
[21/Jul/2023 10:30:47] "GET /static/ckeditor/ckeditor/plugins/tableselection/styles/tableselection.css?t=N2M9 HTTP/1.1" 304 0
[21/Jul/2023 10:30:47] "GET /static/ckeditor/ckeditor/plugins/embedbase/lang/zh-cn.js?t=N2M9 HTTP/1.1" 304 0
[21/Jul/2023 10:30:47] "GET /static/ckeditor/ckeditor/plugins/autoembed/lang/zh.js?t=N2M9 HTTP/1.1" 304 0
[21/Jul/2023 10:30:47] "GET /static/ckeditor/ckeditor/plugins/copyformatting/styles/copyformatting.css?t=N2M9 HTTP/1.1" 304 0
[21/Jul/2023 10:30:47] "GET /static/ckeditor/ckeditor/plugins/dialog/styles/dialog.css?t=N2M9 HTTP/1.1" 304 0
[21/Jul/2023 10:30:47] "GET /static/ckeditor/ckeditor/skins/moono/icons_hidpi.png?t=b47abaf HTTP/1.1" 304 0
[21/Jul/2023 10:30:47] "GET /static/ckeditor/ckeditor/contents.css?t=N2M9 HTTP/1.1" 304 0
[21/Jul/2023 10:30:47] "GET /static/admin/img/icon-calendar.svg HTTP/1.1" 304 0
[21/Jul/2023 10:30:52] "GET /admin/web/projectmodel/?priority__exact=1&status__exact=0 HTTP/1.1" 200 15974
[21/Jul/2023 10:30:58] "GET /admin/web/projectmodel/?priority__exact=2&status__exact=0 HTTP/1.1" 200 15684
[21/Jul/2023 10:30:58] "GET /admin/jsi18n/ HTTP/1.1" 200 8560
[21/Jul/2023 10:31:12] "GET /admin/web/projectmodel/3/change/?_changelist_filters=priority__exact%3D2%26status__exact%3D0 HTTP/1.1" 200 24065
[21/Jul/2023 10:31:12] "GET /admin/jsi18n/ HTTP/1.1" 200 8560
[21/Jul/2023 10:31:12] "GET /static/ckeditor/ckeditor/skins/moono/skin.js?t=N2M9 HTTP/1.1" 404 1883
[21/Jul/2023 10:31:57] "GET /admin/web/projectmodel/?priority__exact=2&status__exact=0 HTTP/1.1" 200 15684
[21/Jul/2023 10:38:13] "GET /admin/web/projectmodel/2/change/?_changelist_filters=priority__exact%3D2%26status__exact%3D0 HTTP/1.1" 200 23982
[21/Jul/2023 10:38:13] "GET /admin/jsi18n/ HTTP/1.1" 200 8560
[21/Jul/2023 10:38:14] "GET /static/ckeditor/ckeditor/skins/moono/skin.js?t=N2M9 HTTP/1.1" 404 1883
[21/Jul/2023 10:38:18] "GET /static/admin/img/calendar-icons.svg HTTP/1.1" 304 0
[21/Jul/2023 10:38:33] "POST /admin/web/projectmodel/2/change/?_changelist_filters=priority__exact%3D2%26status__exact%3D0 HTTP/1.1" 302 0
[21/Jul/2023 10:38:34] "GET /admin/web/projectmodel/?priority__exact=2&status__exact=0 HTTP/1.1" 200 15884
[21/Jul/2023 10:38:34] "GET /admin/jsi18n/ HTTP/1.1" 200 8560
[21/Jul/2023 10:38:34] "GET /static/admin/img/icon-yes.svg HTTP/1.1" 304 0
[21/Jul/2023 10:38:36] "GET /admin/web/projectmodel/3/change/?_changelist_filters=priority__exact%3D2%26status__exact%3D0 HTTP/1.1" 200 24065
[21/Jul/2023 10:38:36] "GET /admin/jsi18n/ HTTP/1.1" 200 8560
[21/Jul/2023 10:38:36] "GET /static/ckeditor/ckeditor/skins/moono/skin.js?t=N2M9 HTTP/1.1" 404 1883
[21/Jul/2023 10:38:54] "POST /admin/web/projectmodel/3/change/?_changelist_filters=priority__exact%3D2%26status__exact%3D0 HTTP/1.1" 302 0
[21/Jul/2023 10:38:55] "GET /admin/web/projectmodel/?priority__exact=2&status__exact=0 HTTP/1.1" 200 15886
[21/Jul/2023 10:38:55] "GET /admin/jsi18n/ HTTP/1.1" 200 8560
[21/Jul/2023 10:40:20] "GET /admin/web/projectmodel/3/change/?_changelist_filters=priority__exact%3D2%26status__exact%3D0 HTTP/1.1" 200 24065
[21/Jul/2023 10:40:20] "GET /admin/jsi18n/ HTTP/1.1" 200 8560
[21/Jul/2023 10:40:20] "GET /static/ckeditor/ckeditor/skins/moono/skin.js?t=N2M9 HTTP/1.1" 404 1883
[21/Jul/2023 10:40:22] "GET /static/ckeditor/ckeditor/plugins/magicline/images/hidpi/icon.png?t=N2M9 HTTP/1.1" 304 0
[21/Jul/2023 10:41:01] "POST /admin/web/projectmodel/3/change/?_changelist_filters=priority__exact%3D2%26status__exact%3D0 HTTP/1.1" 302 0
[21/Jul/2023 10:41:01] "GET /admin/web/projectmodel/?priority__exact=2&status__exact=0 HTTP/1.1" 200 15886
[21/Jul/2023 10:41:01] "GET /admin/jsi18n/ HTTP/1.1" 200 8560
[21/Jul/2023 10:43:28] "GET /admin/web/projectmodel/3/change/?_changelist_filters=priority__exact%3D2%26status__exact%3D0 HTTP/1.1" 200 24223
[21/Jul/2023 10:43:28] "GET /admin/jsi18n/ HTTP/1.1" 200 8560
[21/Jul/2023 10:43:28] "GET /static/ckeditor/ckeditor/skins/moono/skin.js?t=N2M9 HTTP/1.1" 404 1883
[21/Jul/2023 10:43:45] "POST /admin/web/projectmodel/3/change/?_changelist_filters=priority__exact%3D2%26status__exact%3D0 HTTP/1.1" 302 0
[21/Jul/2023 10:43:45] "GET /admin/web/projectmodel/?priority__exact=2&status__exact=0 HTTP/1.1" 200 15886
[21/Jul/2023 10:43:45] "GET /admin/jsi18n/ HTTP/1.1" 200 8560
[21/Jul/2023 10:45:41] "GET /admin/web/projectmodel/3/change/?_changelist_filters=priority__exact%3D2%26status__exact%3D0 HTTP/1.1" 200 24320
[21/Jul/2023 10:45:41] "GET /admin/jsi18n/ HTTP/1.1" 200 8560
[21/Jul/2023 10:45:42] "GET /static/ckeditor/ckeditor/skins/moono/skin.js?t=N2M9 HTTP/1.1" 404 1883
[21/Jul/2023 10:46:16] "POST /admin/web/projectmodel/3/change/?_changelist_filters=priority__exact%3D2%26status__exact%3D0 HTTP/1.1" 302 0
[21/Jul/2023 10:46:16] "GET /admin/web/projectmodel/?priority__exact=2&status__exact=0 HTTP/1.1" 200 15886
[21/Jul/2023 10:46:16] "GET /admin/jsi18n/ HTTP/1.1" 200 8560
[21/Jul/2023 10:50:09,826] - Broken pipe from ('117.136.40.7', 61170)
[21/Jul/2023 10:50:09,827] - Broken pipe from ('117.136.40.7', 61175)
[21/Jul/2023 12:08:10] "GET /admin/web/projectmodel/3/change/ HTTP/1.1" 200 24233
[21/Jul/2023 12:08:10] "GET /static/admin/css/base.css HTTP/1.1" 304 0
[21/Jul/2023 12:08:10] "GET /static/admin/css/responsive.css HTTP/1.1" 304 0
[21/Jul/2023 12:08:11] "GET /admin/jsi18n/ HTTP/1.1" 200 8560
[21/Jul/2023 12:08:11] "GET /static/admin/css/forms.css HTTP/1.1" 304 0
[21/Jul/2023 12:08:11] "GET /static/admin/css/dark_mode.css HTTP/1.1" 304 0
[21/Jul/2023 12:08:11] "GET /static/admin/js/vendor/jquery/jquery.js HTTP/1.1" 304 0
[21/Jul/2023 12:08:11] "GET /static/admin/css/nav_sidebar.css HTTP/1.1" 304 0
[21/Jul/2023 12:08:11] "GET /static/ckeditor/ckeditor.css HTTP/1.1" 304 0
[21/Jul/2023 12:08:11] "GET /static/ckeditor/ckeditor-init.js HTTP/1.1" 304 0
[21/Jul/2023 12:08:11] "GET /static/admin/css/widgets.css HTTP/1.1" 304 0
[21/Jul/2023 12:08:11] "GET /static/ckeditor/ckeditor/ckeditor.js HTTP/1.1" 304 0
[21/Jul/2023 12:08:11] "GET /static/admin/js/admin/DateTimeShortcuts.js HTTP/1.1" 304 0
[21/Jul/2023 12:08:11] "GET /static/admin/js/core.js HTTP/1.1" 304 0
[21/Jul/2023 12:08:11] "GET /static/admin/js/admin/RelatedObjectLookups.js HTTP/1.1" 304 0
[21/Jul/2023 12:08:12] "GET /static/admin/js/calendar.js HTTP/1.1" 304 0
[21/Jul/2023 12:08:12] "GET /static/admin/js/actions.js HTTP/1.1" 304 0
[21/Jul/2023 12:08:12] "GET /static/admin/js/jquery.init.js HTTP/1.1" 304 0
[21/Jul/2023 12:08:12] "GET /static/admin/js/prepopulate.js HTTP/1.1" 304 0
[21/Jul/2023 12:08:12] "GET /static/admin/js/vendor/xregexp/xregexp.js HTTP/1.1" 304 0
[21/Jul/2023 12:08:12] "GET /static/admin/js/prepopulate_init.js HTTP/1.1" 304 0
[21/Jul/2023 12:08:12] "GET /static/admin/js/urlify.js HTTP/1.1" 304 0
[21/Jul/2023 12:08:12] "GET /static/admin/js/theme.js HTTP/1.1" 304 0
[21/Jul/2023 12:08:12] "GET /static/admin/js/nav_sidebar.js HTTP/1.1" 304 0
[21/Jul/2023 12:08:12] "GET /static/admin/img/icon-addlink.svg HTTP/1.1" 304 0
[21/Jul/2023 12:08:12] "GET /static/admin/js/change_form.js HTTP/1.1" 304 0
[21/Jul/2023 12:08:13] "GET /static/ckeditor/ckeditor/config.js?t=N2M9 HTTP/1.1" 304 0
[21/Jul/2023 12:08:14] "GET /static/ckeditor/ckeditor/skins/moono/skin.js?t=N2M9 HTTP/1.1" 404 1883
[21/Jul/2023 12:08:14] "GET /static/ckeditor/ckeditor/lang/zh-cn.js?t=N2M9 HTTP/1.1" 304 0
[21/Jul/2023 12:08:14] "GET /static/ckeditor/ckeditor/skins/moono/editor.css?t=N2M9 HTTP/1.1" 304 0
[21/Jul/2023 12:08:14] "GET /static/ckeditor/ckeditor/styles.js?t=N2M9 HTTP/1.1" 304 0
[21/Jul/2023 12:08:15] "GET /static/ckeditor/ckeditor/plugins/embedsemantic/plugin.js?t=N2M9 HTTP/1.1" 304 0
[21/Jul/2023 12:08:15] "GET /static/ckeditor/ckeditor/plugins/autogrow/plugin.js?t=N2M9 HTTP/1.1" 304 0
[21/Jul/2023 12:08:15] "GET /static/ckeditor/ckeditor/plugins/autoembed/plugin.js?t=N2M9 HTTP/1.1" 304 0
[21/Jul/2023 12:08:15] "GET /static/ckeditor/ckeditor/plugins/autolink/plugin.js?t=N2M9 HTTP/1.1" 304 0
[21/Jul/2023 12:08:15] "GET /static/ckeditor/ckeditor/plugins/embedbase/plugin.js?t=N2M9 HTTP/1.1" 304 0
[21/Jul/2023 12:08:16] "GET /static/ckeditor/ckeditor/plugins/tableselection/styles/tableselection.css?t=N2M9 HTTP/1.1" 304 0
[21/Jul/2023 12:08:16] "GET /static/ckeditor/ckeditor/plugins/autoembed/lang/zh.js?t=N2M9 HTTP/1.1" 304 0
[21/Jul/2023 12:08:16] "GET /static/ckeditor/ckeditor/plugins/scayt/dialogs/dialog.css?t=N2M9 HTTP/1.1" 304 0
[21/Jul/2023 12:08:16] "GET /static/ckeditor/ckeditor/plugins/embedbase/lang/zh-cn.js?t=N2M9 HTTP/1.1" 304 0
[21/Jul/2023 12:08:16] "GET /static/ckeditor/ckeditor/plugins/copyformatting/styles/copyformatting.css?t=N2M9 HTTP/1.1" 304 0
[21/Jul/2023 12:08:16] "GET /static/ckeditor/ckeditor/plugins/dialog/styles/dialog.css?t=N2M9 HTTP/1.1" 304 0
[21/Jul/2023 12:08:16] "GET /static/ckeditor/ckeditor/skins/moono/icons.png?t=b47abaf HTTP/1.1" 304 0
[21/Jul/2023 12:08:17] "GET /static/ckeditor/ckeditor/contents.css?t=N2M9 HTTP/1.1" 304 0
[21/Jul/2023 12:08:17] "GET /static/admin/img/icon-calendar.svg HTTP/1.1" 304 0
[21/Jul/2023 12:53:10] "GET /static/ckeditor/ckeditor/plugins/magicline/images/icon.png?t=N2M9 HTTP/1.1" 304 0
[21/Jul/2023 12:54:26] "POST /admin/web/projectmodel/3/change/ HTTP/1.1" 302 0
[21/Jul/2023 12:54:27] "GET /admin/web/projectmodel/ HTTP/1.1" 200 22650
[21/Jul/2023 12:54:27] "GET /static/admin/css/changelists.css HTTP/1.1" 304 0
[21/Jul/2023 12:54:27] "GET /admin/jsi18n/ HTTP/1.1" 200 8560
[21/Jul/2023 12:54:28] "GET /static/admin/js/filters.js HTTP/1.1" 304 0
[21/Jul/2023 12:54:28] "GET /static/admin/img/search.svg HTTP/1.1" 304 0
[21/Jul/2023 12:54:28] "GET /static/admin/img/icon-no.svg HTTP/1.1" 304 0
[21/Jul/2023 12:54:28] "GET /static/admin/img/sorting-icons.svg HTTP/1.1" 304 0
[21/Jul/2023 12:54:28] "GET /static/admin/img/icon-yes.svg HTTP/1.1" 304 0
[21/Jul/2023 12:54:29] "GET /static/admin/img/tooltag-add.svg HTTP/1.1" 304 0
[21/Jul/2023 12:54:29] "GET /admin/web/projectmodel/3/change/ HTTP/1.1" 200 24700
[21/Jul/2023 12:54:30] "GET /admin/jsi18n/ HTTP/1.1" 200 8560
[21/Jul/2023 12:54:30] "GET /static/ckeditor/ckeditor/skins/moono/skin.js?t=N2M9 HTTP/1.1" 404 1883
[21/Jul/2023 13:31:02,290] - Broken pipe from ('87.251.64.11', 63871)
[21/Jul/2023 17:49:36] code 400, message Bad HTTP/0.9 request type ('\x03\x00\x00/*à\x00\x00\x00\x00\x00Cookie:')
[21/Jul/2023 17:49:36] "  /*à     Cookie: mstshash=Administr" 400 -
[21/Jul/2023 18:00:00,055] - Broken pipe from ('223.104.66.113', 58944)
[21/Jul/2023 18:00:00,056] - Broken pipe from ('223.104.66.113', 58943)
[21/Jul/2023 18:42:27] "GET /admin/web/projectmodel/3/change/?_changelist_filters=priority__exact%3D2%26status__exact%3D0 HTTP/1.1" 200 24890
[21/Jul/2023 18:42:28] "GET /admin/jsi18n/ HTTP/1.1" 200 8560
[21/Jul/2023 18:42:28] "GET /static/admin/css/base.css HTTP/1.1" 304 0
[21/Jul/2023 18:42:28] "GET /static/admin/css/forms.css HTTP/1.1" 304 0
[21/Jul/2023 18:42:28] "GET /static/ckeditor/ckeditor.css HTTP/1.1" 304 0
[21/Jul/2023 18:42:28] "GET /static/admin/css/dark_mode.css HTTP/1.1" 304 0
[21/Jul/2023 18:42:28] "GET /static/admin/css/nav_sidebar.css HTTP/1.1" 304 0
[21/Jul/2023 18:42:28] "GET /static/admin/css/responsive.css HTTP/1.1" 304 0
[21/Jul/2023 18:42:28] "GET /static/admin/js/vendor/jquery/jquery.js HTTP/1.1" 304 0
[21/Jul/2023 18:42:28] "GET /static/ckeditor/ckeditor-init.js HTTP/1.1" 304 0
[21/Jul/2023 18:42:28] "GET /static/admin/js/calendar.js HTTP/1.1" 304 0
[21/Jul/2023 18:42:28] "GET /static/admin/js/admin/DateTimeShortcuts.js HTTP/1.1" 304 0
[21/Jul/2023 18:42:28] "GET /static/admin/js/core.js HTTP/1.1" 304 0
[21/Jul/2023 18:42:28] "GET /static/admin/css/widgets.css HTTP/1.1" 304 0
[21/Jul/2023 18:42:28] "GET /static/admin/js/jquery.init.js HTTP/1.1" 304 0
[21/Jul/2023 18:42:28] "GET /static/admin/js/urlify.js HTTP/1.1" 304 0
[21/Jul/2023 18:42:28] "GET /static/admin/js/admin/RelatedObjectLookups.js HTTP/1.1" 304 0
[21/Jul/2023 18:42:28] "GET /static/ckeditor/ckeditor/ckeditor.js HTTP/1.1" 304 0
[21/Jul/2023 18:42:28] "GET /static/admin/js/prepopulate.js HTTP/1.1" 304 0
[21/Jul/2023 18:42:28] "GET /static/admin/js/actions.js HTTP/1.1" 304 0
[21/Jul/2023 18:42:28] "GET /static/admin/js/vendor/xregexp/xregexp.js HTTP/1.1" 304 0
[21/Jul/2023 18:42:28] "GET /static/admin/js/prepopulate_init.js HTTP/1.1" 304 0
[21/Jul/2023 18:42:28] "GET /static/admin/js/theme.js HTTP/1.1" 304 0
[21/Jul/2023 18:42:28] "GET /static/admin/js/nav_sidebar.js HTTP/1.1" 304 0
[21/Jul/2023 18:42:28] "GET /static/admin/js/change_form.js HTTP/1.1" 304 0
[21/Jul/2023 18:42:28] "GET /static/ckeditor/ckeditor/config.js?t=N2M9 HTTP/1.1" 304 0
[21/Jul/2023 18:42:29] "GET /static/ckeditor/ckeditor/skins/moono/skin.js?t=N2M9 HTTP/1.1" 404 1883
[21/Jul/2023 18:42:29] "GET /static/ckeditor/ckeditor/skins/moono/editor.css?t=N2M9 HTTP/1.1" 304 0
[21/Jul/2023 18:42:29] "GET /static/ckeditor/ckeditor/lang/zh-cn.js?t=N2M9 HTTP/1.1" 304 0
[21/Jul/2023 18:42:29] "GET /static/ckeditor/ckeditor/styles.js?t=N2M9 HTTP/1.1" 304 0
[21/Jul/2023 18:42:29] "GET /static/ckeditor/ckeditor/plugins/autoembed/plugin.js?t=N2M9 HTTP/1.1" 304 0
[21/Jul/2023 18:42:29] "GET /static/ckeditor/ckeditor/plugins/embedsemantic/plugin.js?t=N2M9 HTTP/1.1" 304 0
[21/Jul/2023 18:42:29] "GET /static/ckeditor/ckeditor/plugins/autolink/plugin.js?t=N2M9 HTTP/1.1" 304 0
[21/Jul/2023 18:42:29] "GET /static/ckeditor/ckeditor/plugins/autogrow/plugin.js?t=N2M9 HTTP/1.1" 304 0
[21/Jul/2023 18:42:29] "GET /static/ckeditor/ckeditor/plugins/embedbase/plugin.js?t=N2M9 HTTP/1.1" 304 0
[21/Jul/2023 18:42:29] "GET /static/ckeditor/ckeditor/plugins/scayt/dialogs/dialog.css?t=N2M9 HTTP/1.1" 304 0
[21/Jul/2023 18:42:29] "GET /static/ckeditor/ckeditor/plugins/autoembed/lang/zh.js?t=N2M9 HTTP/1.1" 304 0
[21/Jul/2023 18:42:29] "GET /static/ckeditor/ckeditor/plugins/tableselection/styles/tableselection.css?t=N2M9 HTTP/1.1" 304 0
[21/Jul/2023 18:42:29] "GET /static/ckeditor/ckeditor/plugins/embedbase/lang/zh-cn.js?t=N2M9 HTTP/1.1" 304 0
[21/Jul/2023 18:42:29] "GET /static/ckeditor/ckeditor/plugins/copyformatting/styles/copyformatting.css?t=N2M9 HTTP/1.1" 304 0
[21/Jul/2023 18:42:29] "GET /static/ckeditor/ckeditor/plugins/dialog/styles/dialog.css?t=N2M9 HTTP/1.1" 304 0
[21/Jul/2023 18:42:29] "GET /static/ckeditor/ckeditor/skins/moono/icons_hidpi.png?t=b47abaf HTTP/1.1" 304 0
[21/Jul/2023 18:42:30] "GET /static/ckeditor/ckeditor/contents.css?t=N2M9 HTTP/1.1" 304 0
[21/Jul/2023 18:42:30] "GET /static/admin/img/icon-calendar.svg HTTP/1.1" 304 0
[21/Jul/2023 18:42:39] "GET /admin/web/projectmodel/3/change/?_changelist_filters=priority__exact%3D2%26status__exact%3D0 HTTP/1.1" 200 24890
[21/Jul/2023 18:42:39] "GET /admin/jsi18n/ HTTP/1.1" 200 8560
[21/Jul/2023 18:42:40] "GET /static/ckeditor/ckeditor/skins/moono/skin.js?t=N2M9 HTTP/1.1" 404 1883
[21/Jul/2023 18:43:20] "POST /admin/web/projectmodel/3/change/?_changelist_filters=priority__exact%3D2%26status__exact%3D0 HTTP/1.1" 302 0
[21/Jul/2023 18:43:21] "GET /admin/web/projectmodel/?priority__exact=2&status__exact=0 HTTP/1.1" 200 15886
[21/Jul/2023 18:43:21] "GET /static/admin/css/changelists.css HTTP/1.1" 304 0
[21/Jul/2023 18:43:21] "GET /admin/jsi18n/ HTTP/1.1" 200 8560
[21/Jul/2023 18:43:21] "GET /static/admin/img/search.svg HTTP/1.1" 304 0
[21/Jul/2023 18:43:21] "GET /static/admin/js/filters.js HTTP/1.1" 304 0
[21/Jul/2023 18:43:21] "GET /static/admin/img/icon-no.svg HTTP/1.1" 304 0
[21/Jul/2023 18:43:21] "GET /static/admin/img/icon-yes.svg HTTP/1.1" 304 0
[21/Jul/2023 18:43:21] "GET /static/admin/img/tooltag-add.svg HTTP/1.1" 304 0
[21/Jul/2023 18:43:21] "GET /static/admin/img/sorting-icons.svg HTTP/1.1" 304 0
[21/Jul/2023 18:43:24] "GET /admin/web/projectmodel/3/change/?_changelist_filters=priority__exact%3D2%26status__exact%3D0 HTTP/1.1" 200 24919
[21/Jul/2023 18:43:24] "GET /admin/jsi18n/ HTTP/1.1" 200 8560
[21/Jul/2023 18:43:24] "GET /static/ckeditor/ckeditor/skins/moono/skin.js?t=N2M9 HTTP/1.1" 404 1883
[21/Jul/2023 18:43:32] "GET /admin/web/projectmodel/?priority__exact=2&status__exact=0 HTTP/1.1" 200 15683
[21/Jul/2023 18:43:38] "GET /admin/web/projectmodel/2/change/?_changelist_filters=priority__exact%3D2%26status__exact%3D0 HTTP/1.1" 200 23982
[21/Jul/2023 18:43:39] "GET /admin/jsi18n/ HTTP/1.1" 200 8560
[21/Jul/2023 18:43:39] "GET /static/ckeditor/ckeditor/skins/moono/skin.js?t=N2M9 HTTP/1.1" 404 1883
[21/Jul/2023 18:43:40] "GET /admin/web/projectmodel/?priority__exact=2&status__exact=0 HTTP/1.1" 200 15683
[21/Jul/2023 18:43:44] "GET /admin/web/projectmodel/3/change/?_changelist_filters=priority__exact%3D2%26status__exact%3D0 HTTP/1.1" 200 24919
[21/Jul/2023 18:43:45] "GET /static/ckeditor/ckeditor/skins/moono/skin.js?t=N2M9 HTTP/1.1" 404 1883
[21/Jul/2023 18:50:32,751] - Broken pipe from ('223.104.66.113', 59312)
[21/Jul/2023 18:50:32,761] - Broken pipe from ('223.104.66.113', 59313)
[21/Jul/2023 18:50:32,762] - Broken pipe from ('223.104.66.113', 59308)
[21/Jul/2023 20:53:38] code 400, message Bad request syntax ('333766643833656338616434363333643963363962386536653538383937393235613033653338636434')
[21/Jul/2023 20:53:38] "333766643833656338616434363333643963363962386536653538383937393235613033653338636434" 400 -
[21/Jul/2023 22:19:18] "GET /admin/web/projectmodel/3/change/ HTTP/1.1" 200 24729
[21/Jul/2023 22:19:19] "GET /static/admin/css/base.css HTTP/1.1" 304 0
[21/Jul/2023 22:19:19] "GET /static/admin/css/dark_mode.css HTTP/1.1" 304 0
[21/Jul/2023 22:19:19] "GET /static/admin/css/responsive.css HTTP/1.1" 304 0
[21/Jul/2023 22:19:19] "GET /static/admin/css/nav_sidebar.css HTTP/1.1" 304 0
[21/Jul/2023 22:19:19] "GET /static/admin/css/forms.css HTTP/1.1" 304 0
[21/Jul/2023 22:19:19] "GET /admin/jsi18n/ HTTP/1.1" 200 8560
[21/Jul/2023 22:19:19] "GET /static/admin/js/vendor/jquery/jquery.js HTTP/1.1" 304 0
[21/Jul/2023 22:19:19] "GET /static/ckeditor/ckeditor-init.js HTTP/1.1" 304 0
[21/Jul/2023 22:19:19] "GET /static/admin/js/calendar.js HTTP/1.1" 304 0
[21/Jul/2023 22:19:19] "GET /static/admin/css/widgets.css HTTP/1.1" 304 0
[21/Jul/2023 22:19:19] "GET /static/admin/js/jquery.init.js HTTP/1.1" 304 0
[21/Jul/2023 22:19:20] "GET /static/ckeditor/ckeditor/ckeditor.js HTTP/1.1" 304 0
[21/Jul/2023 22:19:20] "GET /static/admin/js/admin/DateTimeShortcuts.js HTTP/1.1" 304 0
[21/Jul/2023 22:19:20] "GET /static/admin/js/core.js HTTP/1.1" 304 0
[21/Jul/2023 22:19:20] "GET /static/admin/js/admin/RelatedObjectLookups.js HTTP/1.1" 304 0
[21/Jul/2023 22:19:20] "GET /static/admin/js/actions.js HTTP/1.1" 304 0
[21/Jul/2023 22:19:20] "GET /static/admin/js/urlify.js HTTP/1.1" 304 0
[21/Jul/2023 22:19:20] "GET /static/admin/js/prepopulate.js HTTP/1.1" 304 0
[21/Jul/2023 22:19:20] "GET /static/admin/js/vendor/xregexp/xregexp.js HTTP/1.1" 304 0
[21/Jul/2023 22:19:20] "GET /static/admin/js/prepopulate_init.js HTTP/1.1" 304 0
[21/Jul/2023 22:19:20] "GET /static/admin/js/theme.js HTTP/1.1" 304 0
[21/Jul/2023 22:19:21] "GET /static/admin/js/nav_sidebar.js HTTP/1.1" 304 0
[21/Jul/2023 22:19:21] "GET /static/ckeditor/ckeditor.css HTTP/1.1" 304 0
[21/Jul/2023 22:19:21] "GET /static/admin/js/change_form.js HTTP/1.1" 304 0
[21/Jul/2023 22:19:21] "GET /static/admin/img/icon-addlink.svg HTTP/1.1" 304 0
[21/Jul/2023 22:19:22] "GET /static/ckeditor/ckeditor/config.js?t=N2M9 HTTP/1.1" 304 0
[21/Jul/2023 22:19:22] "GET /static/ckeditor/ckeditor/skins/moono/skin.js?t=N2M9 HTTP/1.1" 404 1883
[21/Jul/2023 22:19:22] "GET /static/ckeditor/ckeditor/skins/moono/editor.css?t=N2M9 HTTP/1.1" 304 0
[21/Jul/2023 22:19:22] "GET /static/ckeditor/ckeditor/lang/zh-cn.js?t=N2M9 HTTP/1.1" 304 0
[21/Jul/2023 22:19:23] "GET /static/ckeditor/ckeditor/styles.js?t=N2M9 HTTP/1.1" 304 0
[21/Jul/2023 22:19:23] "GET /static/ckeditor/ckeditor/plugins/autogrow/plugin.js?t=N2M9 HTTP/1.1" 304 0
[21/Jul/2023 22:19:23] "GET /static/ckeditor/ckeditor/plugins/embedsemantic/plugin.js?t=N2M9 HTTP/1.1" 304 0
[21/Jul/2023 22:19:23] "GET /static/ckeditor/ckeditor/plugins/autolink/plugin.js?t=N2M9 HTTP/1.1" 304 0
[21/Jul/2023 22:19:23] "GET /static/ckeditor/ckeditor/plugins/autoembed/plugin.js?t=N2M9 HTTP/1.1" 304 0
[21/Jul/2023 22:19:24] "GET /static/ckeditor/ckeditor/plugins/embedbase/plugin.js?t=N2M9 HTTP/1.1" 304 0
[21/Jul/2023 22:19:24] "GET /static/ckeditor/ckeditor/plugins/scayt/dialogs/dialog.css?t=N2M9 HTTP/1.1" 304 0
[21/Jul/2023 22:19:24] "GET /static/ckeditor/ckeditor/plugins/autoembed/lang/zh.js?t=N2M9 HTTP/1.1" 304 0
[21/Jul/2023 22:19:24] "GET /static/ckeditor/ckeditor/plugins/tableselection/styles/tableselection.css?t=N2M9 HTTP/1.1" 304 0
[21/Jul/2023 22:19:25] "GET /static/ckeditor/ckeditor/plugins/embedbase/lang/zh-cn.js?t=N2M9 HTTP/1.1" 304 0
[21/Jul/2023 22:19:25] "GET /static/ckeditor/ckeditor/plugins/dialog/styles/dialog.css?t=N2M9 HTTP/1.1" 304 0
[21/Jul/2023 22:19:25] "GET /static/ckeditor/ckeditor/skins/moono/icons.png?t=b47abaf HTTP/1.1" 304 0
[21/Jul/2023 22:19:25] "GET /static/ckeditor/ckeditor/contents.css?t=N2M9 HTTP/1.1" 304 0
[21/Jul/2023 22:19:25] "GET /static/ckeditor/ckeditor/plugins/copyformatting/styles/copyformatting.css?t=N2M9 HTTP/1.1" 304 0
[21/Jul/2023 22:19:26] "GET /static/admin/img/icon-calendar.svg HTTP/1.1" 304 0
[21/Jul/2023 22:53:30] "GET /admin/web/projectmodel/3/change/?_changelist_filters=priority__exact%3D2%26status__exact%3D0 HTTP/1.1" 200 24919
[21/Jul/2023 22:53:30] "GET /admin/jsi18n/ HTTP/1.1" 200 8560
[21/Jul/2023 22:53:30] "GET /static/ckeditor/ckeditor/skins/moono/skin.js?t=N2M9 HTTP/1.1" 404 1883
[21/Jul/2023 22:53:38] "GET /admin/web/projectmodel/3/change/ HTTP/1.1" 200 24729
[21/Jul/2023 22:53:38] "GET /admin/jsi18n/ HTTP/1.1" 200 8560
[21/Jul/2023 22:53:39] "GET /static/ckeditor/ckeditor/skins/moono/skin.js?t=N2M9 HTTP/1.1" 404 1883
[21/Jul/2023 22:54:19] "GET /static/ckeditor/ckeditor/plugins/magicline/images/hidpi/icon.png?t=N2M9 HTTP/1.1" 304 0
[21/Jul/2023 22:54:48] "GET /admin/web/projectmodel/3/change/?_changelist_filters=priority__exact%3D2%26status__exact%3D0 HTTP/1.1" 200 24919
[21/Jul/2023 22:54:48] "GET /admin/jsi18n/ HTTP/1.1" 200 8560
[21/Jul/2023 22:54:48] "GET /static/ckeditor/ckeditor/skins/moono/skin.js?t=N2M9 HTTP/1.1" 404 1883
[21/Jul/2023 22:55:00] "GET /admin/web/projectmodel/?priority__exact=2&status__exact=0 HTTP/1.1" 200 15683
[21/Jul/2023 22:55:01] "GET /admin/ HTTP/1.1" 200 9220
[21/Jul/2023 22:55:01] "GET /static/admin/css/dashboard.css HTTP/1.1" 304 0
[21/Jul/2023 22:55:02] "GET /static/admin/img/icon-addlink.svg HTTP/1.1" 304 0
[21/Jul/2023 22:55:02] "GET /static/admin/img/icon-changelink.svg HTTP/1.1" 304 0
[21/Jul/2023 22:55:03] "GET /admin/web/projectmodel/ HTTP/1.1" 200 22447
[21/Jul/2023 22:55:03] "GET /admin/jsi18n/ HTTP/1.1" 200 8560
[21/Jul/2023 22:55:53] "GET /admin/web/projectmodel/?status__exact=0 HTTP/1.1" 200 21034
[21/Jul/2023 22:55:53] "GET /admin/jsi18n/ HTTP/1.1" 200 8560
[21/Jul/2023 22:55:56] "GET /admin/web/projectmodel/?priority__exact=1&status__exact=0 HTTP/1.1" 200 15974
[21/Jul/2023 22:55:56] "GET /admin/jsi18n/ HTTP/1.1" 200 8560
[21/Jul/2023 22:56:14] "GET /admin/web/projectmodel/?priority__exact=2&status__exact=0 HTTP/1.1" 200 15683
[21/Jul/2023 22:56:14] "GET /admin/jsi18n/ HTTP/1.1" 200 8560
[21/Jul/2023 22:56:27] "GET /admin/web/projectmodel/2/change/?_changelist_filters=priority__exact%3D2%26status__exact%3D0 HTTP/1.1" 200 23982
[21/Jul/2023 22:56:27] "GET /admin/jsi18n/ HTTP/1.1" 200 8560
[21/Jul/2023 22:56:27] "GET /static/ckeditor/ckeditor/skins/moono/skin.js?t=N2M9 HTTP/1.1" 404 1883
[21/Jul/2023 23:05:35] "GET /admin/web/projectmodel/?priority__exact=2&status__exact=0 HTTP/1.1" 200 15683
[21/Jul/2023 23:05:43] "GET /static/ckeditor/ckeditor/plugins/magicline/images/hidpi/icon.png?t=N2M9 HTTP/1.1" 200 199
[22/Jul/2023 00:11:22] "GET /admin/web/projectmodel/?priority__exact=2&status__exact=0 HTTP/1.1" 200 15683
[22/Jul/2023 00:11:22] "GET /admin/jsi18n/ HTTP/1.1" 200 8560
Not Found: /favicon.ico
[22/Jul/2023 00:11:23] "GET /favicon.ico HTTP/1.1" 404 2574
[22/Jul/2023 00:11:29] "GET /admin/web/projectmodel/?priority__exact=1&status__exact=0 HTTP/1.1" 200 15974
[22/Jul/2023 00:11:29] "GET /admin/jsi18n/ HTTP/1.1" 200 8560
[22/Jul/2023 00:11:32] "GET /admin/web/projectmodel/22/change/?_changelist_filters=priority__exact%3D1%26status__exact%3D0 HTTP/1.1" 200 22131
[22/Jul/2023 00:11:32] "GET /admin/jsi18n/ HTTP/1.1" 200 8560
[22/Jul/2023 00:11:32] "GET /static/ckeditor/ckeditor/skins/moono/skin.js?t=N2M9 HTTP/1.1" 404 1883
[22/Jul/2023 00:11:41] "GET /static/ckeditor/ckeditor/plugins/image/dialogs/image.js?t=N2M9 HTTP/1.1" 304 0
[22/Jul/2023 00:11:41] "GET /static/ckeditor/ckeditor/skins/moono/dialog.css?t=N2M9 HTTP/1.1" 304 0
[22/Jul/2023 00:11:41] "GET /static/ckeditor/ckeditor/skins/moono/images/hidpi/lock.png HTTP/1.1" 304 0
[22/Jul/2023 00:11:41] "GET /static/ckeditor/ckeditor/skins/moono/images/hidpi/close.png HTTP/1.1" 304 0
[22/Jul/2023 00:11:41] "GET /static/ckeditor/ckeditor/skins/moono/images/hidpi/refresh.png HTTP/1.1" 304 0
[22/Jul/2023 00:11:51] "GET /ckeditor/browse/?CKEditor=id_how&CKEditorFuncNum=163&langCode=zh-cn HTTP/1.1" 200 8329
[22/Jul/2023 00:11:51] "GET /static/ckeditor/galleriffic/css/galleriffic-2.css HTTP/1.1" 200 3166
[22/Jul/2023 00:11:51] "GET /static/ckeditor/galleriffic/css/basic.css HTTP/1.1" 200 1043
[22/Jul/2023 00:11:51] "GET /static/ckeditor/galleriffic/js/jquery-1.3.2.js HTTP/1.1" 200 120619
[22/Jul/2023 00:11:51] "GET /static/ckeditor/galleriffic/js/jquery.opacityrollover.js HTTP/1.1" 200 937
[22/Jul/2023 00:11:51] "GET /static/ckeditor/galleriffic/js/jquery.galleriffic.js HTTP/1.1" 200 33266
[22/Jul/2023 00:11:51] "GET /static/ckeditor/ckeditor_uploader/admin_base.css HTTP/1.1" 200 1429
Not Found: /media/uploads/zhenda/2023/07/20/171339290_234591941789019_7955615567931651100_n_thumb.jpg
[22/Jul/2023 00:11:51] "GET /media/uploads/zhenda/2023/07/20/171339290_234591941789019_7955615567931651100_n_thumb.jpg HTTP/1.1" 404 3083
[22/Jul/2023 00:11:51] "GET /static/ckeditor/galleriffic/css/loader.gif HTTP/1.1" 200 10453
[22/Jul/2023 00:11:51] "GET /media/uploads/zhenda/2023/07/20/171339290_234591941789019_7955615567931651100_n.jpg HTTP/1.1" 200 60046
Internal Server Error: /ckeditor/upload/
Traceback (most recent call last):
  File "/home/ubuntu/.local/lib/python3.8/site-packages/django/core/handlers/exception.py", line 55, in inner
    response = get_response(request)
  File "/home/ubuntu/.local/lib/python3.8/site-packages/django/core/handlers/base.py", line 197, in _get_response
    response = wrapped_callback(request, *callback_args, **callback_kwargs)
  File "/home/ubuntu/.local/lib/python3.8/site-packages/django/contrib/auth/decorators.py", line 23, in _wrapper_view
    return view_func(request, *args, **kwargs)
  File "/home/ubuntu/.local/lib/python3.8/site-packages/django/views/decorators/csrf.py", line 56, in wrapper_view
    return view_func(*args, **kwargs)
  File "/home/ubuntu/.local/lib/python3.8/site-packages/django/views/generic/base.py", line 104, in view
    return self.dispatch(request, *args, **kwargs)
  File "/home/ubuntu/.local/lib/python3.8/site-packages/django/views/generic/base.py", line 143, in dispatch
    return handler(request, *args, **kwargs)
  File "/home/ubuntu/.local/lib/python3.8/site-packages/ckeditor_uploader/views.py", line 116, in post
    saved_path = filewrapper.save_as(filepath)
  File "/home/ubuntu/.local/lib/python3.8/site-packages/ckeditor_uploader/backends/pillow_backend.py", line 56, in save_as
    self.create_thumbnail(file_object, saved_path)
  File "/home/ubuntu/.local/lib/python3.8/site-packages/ckeditor_uploader/backends/pillow_backend.py", line 68, in create_thumbnail
    image.thumbnail(THUMBNAIL_SIZE, Image.ANTIALIAS)
AttributeError: module 'PIL.Image' has no attribute 'ANTIALIAS'
[22/Jul/2023 00:12:43] "POST /ckeditor/upload/ HTTP/1.1" 500 97946
Internal Server Error: /ckeditor/upload/
Traceback (most recent call last):
  File "/home/ubuntu/.local/lib/python3.8/site-packages/django/core/handlers/exception.py", line 55, in inner
    response = get_response(request)
  File "/home/ubuntu/.local/lib/python3.8/site-packages/django/core/handlers/base.py", line 197, in _get_response
    response = wrapped_callback(request, *callback_args, **callback_kwargs)
  File "/home/ubuntu/.local/lib/python3.8/site-packages/django/contrib/auth/decorators.py", line 23, in _wrapper_view
    return view_func(request, *args, **kwargs)
  File "/home/ubuntu/.local/lib/python3.8/site-packages/django/views/decorators/csrf.py", line 56, in wrapper_view
    return view_func(*args, **kwargs)
  File "/home/ubuntu/.local/lib/python3.8/site-packages/django/views/generic/base.py", line 104, in view
    return self.dispatch(request, *args, **kwargs)
  File "/home/ubuntu/.local/lib/python3.8/site-packages/django/views/generic/base.py", line 143, in dispatch
    return handler(request, *args, **kwargs)
  File "/home/ubuntu/.local/lib/python3.8/site-packages/ckeditor_uploader/views.py", line 116, in post
    saved_path = filewrapper.save_as(filepath)
  File "/home/ubuntu/.local/lib/python3.8/site-packages/ckeditor_uploader/backends/pillow_backend.py", line 56, in save_as
    self.create_thumbnail(file_object, saved_path)
  File "/home/ubuntu/.local/lib/python3.8/site-packages/ckeditor_uploader/backends/pillow_backend.py", line 68, in create_thumbnail
    image.thumbnail(THUMBNAIL_SIZE, Image.ANTIALIAS)
AttributeError: module 'PIL.Image' has no attribute 'ANTIALIAS'
[22/Jul/2023 00:12:48] "POST /ckeditor/upload/ HTTP/1.1" 500 97986
[22/Jul/2023 00:12:58] "GET /ckeditor/browse/?CKEditor=id_how&CKEditorFuncNum=163&langCode=zh-cn HTTP/1.1" 200 10567
Not Found: /media/uploads/zhenda/2023/07/20/171339290_234591941789019_7955615567931651100_n_thumb.jpg
[22/Jul/2023 00:12:58] "GET /media/uploads/zhenda/2023/07/20/171339290_234591941789019_7955615567931651100_n_thumb.jpg HTTP/1.1" 404 3083
Not Found: /media/uploads/zhenda/2023/07/22/camera_xhs_1689955809149ce2fe542-eaf4-3fb2-9759-0278064a1743_7o2qO1k_thumb.jpg
[22/Jul/2023 00:12:58] "GET /media/uploads/zhenda/2023/07/22/camera_xhs_1689955809149ce2fe542-eaf4-3fb2-9759-0278064a1743_7o2qO1k_thumb.jpg HTTP/1.1" 404 3167
Not Found: /media/uploads/zhenda/2023/07/22/camera_xhs_1689955809149ce2fe542-eaf4-3fb2-9759-0278064a1743_thumb.jpg
[22/Jul/2023 00:12:58] "GET /media/uploads/zhenda/2023/07/22/camera_xhs_1689955809149ce2fe542-eaf4-3fb2-9759-0278064a1743_thumb.jpg HTTP/1.1" 404 3135
[22/Jul/2023 00:12:59] "GET /media/uploads/zhenda/2023/07/22/camera_xhs_1689955809149ce2fe542-eaf4-3fb2-9759-0278064a1743_7o2qO1k.jpg HTTP/1.1" 200 648194
[22/Jul/2023 00:13:00] "GET /media/uploads/zhenda/2023/07/22/camera_xhs_1689955809149ce2fe542-eaf4-3fb2-9759-0278064a1743.jpg HTTP/1.1" 200 648194
[22/Jul/2023 00:13:05] "GET /admin/web/projectmodel/?priority__exact=1&status__exact=0 HTTP/1.1" 200 15974
[22/Jul/2023 00:13:07] "GET /admin/web/projectmodel/22/change/?_changelist_filters=priority__exact%3D1%26status__exact%3D0 HTTP/1.1" 200 22131
[22/Jul/2023 00:13:07] "GET /admin/jsi18n/ HTTP/1.1" 200 8560
[22/Jul/2023 00:13:07] "GET /static/ckeditor/ckeditor/skins/moono/skin.js?t=N2M9 HTTP/1.1" 404 1883
[22/Jul/2023 00:13:13] "GET /ckeditor/browse/?CKEditor=id_why&CKEditorFuncNum=3&langCode=zh-cn HTTP/1.1" 200 10567
Not Found: /media/uploads/zhenda/2023/07/22/camera_xhs_1689955809149ce2fe542-eaf4-3fb2-9759-0278064a1743_7o2qO1k_thumb.jpg
[22/Jul/2023 00:13:13] "GET /media/uploads/zhenda/2023/07/22/camera_xhs_1689955809149ce2fe542-eaf4-3fb2-9759-0278064a1743_7o2qO1k_thumb.jpg HTTP/1.1" 404 3167
Not Found: /media/uploads/zhenda/2023/07/20/171339290_234591941789019_7955615567931651100_n_thumb.jpg
[22/Jul/2023 00:13:13] "GET /media/uploads/zhenda/2023/07/20/171339290_234591941789019_7955615567931651100_n_thumb.jpg HTTP/1.1" 404 3083
Not Found: /media/uploads/zhenda/2023/07/22/camera_xhs_1689955809149ce2fe542-eaf4-3fb2-9759-0278064a1743_thumb.jpg
[22/Jul/2023 00:13:13] "GET /media/uploads/zhenda/2023/07/22/camera_xhs_1689955809149ce2fe542-eaf4-3fb2-9759-0278064a1743_thumb.jpg HTTP/1.1" 404 3135
[22/Jul/2023 00:13:14] "GET /media/uploads/zhenda/2023/07/22/camera_xhs_1689955809149ce2fe542-eaf4-3fb2-9759-0278064a1743_7o2qO1k.jpg HTTP/1.1" 304 0
[22/Jul/2023 00:13:14] "GET /media/uploads/zhenda/2023/07/22/camera_xhs_1689955809149ce2fe542-eaf4-3fb2-9759-0278064a1743.jpg HTTP/1.1" 200 648194
Internal Server Error: /ckeditor/upload/
Traceback (most recent call last):
  File "/home/ubuntu/.local/lib/python3.8/site-packages/django/core/handlers/exception.py", line 55, in inner
    response = get_response(request)
  File "/home/ubuntu/.local/lib/python3.8/site-packages/django/core/handlers/base.py", line 197, in _get_response
    response = wrapped_callback(request, *callback_args, **callback_kwargs)
  File "/home/ubuntu/.local/lib/python3.8/site-packages/django/contrib/auth/decorators.py", line 23, in _wrapper_view
    return view_func(request, *args, **kwargs)
  File "/home/ubuntu/.local/lib/python3.8/site-packages/django/views/decorators/csrf.py", line 56, in wrapper_view
    return view_func(*args, **kwargs)
  File "/home/ubuntu/.local/lib/python3.8/site-packages/django/views/generic/base.py", line 104, in view
    return self.dispatch(request, *args, **kwargs)
  File "/home/ubuntu/.local/lib/python3.8/site-packages/django/views/generic/base.py", line 143, in dispatch
    return handler(request, *args, **kwargs)
  File "/home/ubuntu/.local/lib/python3.8/site-packages/ckeditor_uploader/views.py", line 116, in post
    saved_path = filewrapper.save_as(filepath)
  File "/home/ubuntu/.local/lib/python3.8/site-packages/ckeditor_uploader/backends/pillow_backend.py", line 56, in save_as
    self.create_thumbnail(file_object, saved_path)
  File "/home/ubuntu/.local/lib/python3.8/site-packages/ckeditor_uploader/backends/pillow_backend.py", line 68, in create_thumbnail
    image.thumbnail(THUMBNAIL_SIZE, Image.ANTIALIAS)
AttributeError: module 'PIL.Image' has no attribute 'ANTIALIAS'
[22/Jul/2023 00:13:24] "POST /ckeditor/upload/ HTTP/1.1" 500 97986
[22/Jul/2023 00:13:31] "GET /admin/web/projectmodel/?priority__exact=1&status__exact=0 HTTP/1.1" 200 15974
[22/Jul/2023 00:17:21] "GET /admin/web/projectmodel/ HTTP/1.1" 200 22447
[22/Jul/2023 00:17:21] "GET /admin/jsi18n/ HTTP/1.1" 200 8560
[22/Jul/2023 00:17:21] "GET /static/admin/js/filters.js HTTP/1.1" 304 0
[22/Jul/2023 00:17:22] "GET /static/admin/img/search.svg HTTP/1.1" 304 0
[22/Jul/2023 00:17:22] "GET /static/admin/css/changelists.css HTTP/1.1" 304 0
[22/Jul/2023 00:17:22] "GET /static/admin/img/icon-no.svg HTTP/1.1" 304 0
[22/Jul/2023 00:17:22] "GET /static/admin/img/icon-yes.svg HTTP/1.1" 304 0
[22/Jul/2023 00:17:23] "GET /static/admin/img/tooltag-add.svg HTTP/1.1" 304 0
[22/Jul/2023 00:17:24] "GET /static/admin/img/sorting-icons.svg HTTP/1.1" 304 0
[22/Jul/2023 00:17:25] "GET /admin/web/projectmodel/22/change/ HTTP/1.1" 200 21941
[22/Jul/2023 00:17:25] "GET /admin/jsi18n/ HTTP/1.1" 200 8560
[22/Jul/2023 00:17:26] "GET /static/ckeditor/ckeditor/skins/moono/skin.js?t=N2M9 HTTP/1.1" 404 1883
[22/Jul/2023 00:17:31] "GET /admin/web/projectmodel/ HTTP/1.1" 200 22447
[22/Jul/2023 00:17:31] "GET /admin/jsi18n/ HTTP/1.1" 200 8560
[22/Jul/2023 00:17:34] "GET /admin/web/projectmodel/23/change/ HTTP/1.1" 200 21925
[22/Jul/2023 00:17:34] "GET /admin/jsi18n/ HTTP/1.1" 200 8560
[22/Jul/2023 00:17:35] "GET /static/ckeditor/ckeditor/skins/moono/skin.js?t=N2M9 HTTP/1.1" 404 1883
[22/Jul/2023 00:17:39] "GET /static/ckeditor/ckeditor/plugins/image/dialogs/image.js?t=N2M9 HTTP/1.1" 200 21529
[22/Jul/2023 00:17:39] "GET /static/ckeditor/ckeditor/skins/moono/dialog.css?t=N2M9 HTTP/1.1" 200 13430
[22/Jul/2023 00:17:40] "GET /static/ckeditor/ckeditor/skins/moono/images/close.png HTTP/1.1" 200 468
[22/Jul/2023 00:17:40] "GET /static/ckeditor/ckeditor/skins/moono/images/lock.png HTTP/1.1" 200 475
[22/Jul/2023 00:17:43] "GET /static/ckeditor/ckeditor/skins/moono/images/refresh.png HTTP/1.1" 200 422
Internal Server Error: /ckeditor/upload/
Traceback (most recent call last):
  File "/home/ubuntu/.local/lib/python3.8/site-packages/django/core/handlers/exception.py", line 55, in inner
    response = get_response(request)
  File "/home/ubuntu/.local/lib/python3.8/site-packages/django/core/handlers/base.py", line 197, in _get_response
    response = wrapped_callback(request, *callback_args, **callback_kwargs)
  File "/home/ubuntu/.local/lib/python3.8/site-packages/django/contrib/auth/decorators.py", line 23, in _wrapper_view
    return view_func(request, *args, **kwargs)
  File "/home/ubuntu/.local/lib/python3.8/site-packages/django/views/decorators/csrf.py", line 56, in wrapper_view
    return view_func(*args, **kwargs)
  File "/home/ubuntu/.local/lib/python3.8/site-packages/django/views/generic/base.py", line 104, in view
    return self.dispatch(request, *args, **kwargs)
  File "/home/ubuntu/.local/lib/python3.8/site-packages/django/views/generic/base.py", line 143, in dispatch
    return handler(request, *args, **kwargs)
  File "/home/ubuntu/.local/lib/python3.8/site-packages/ckeditor_uploader/views.py", line 116, in post
    saved_path = filewrapper.save_as(filepath)
  File "/home/ubuntu/.local/lib/python3.8/site-packages/ckeditor_uploader/backends/pillow_backend.py", line 56, in save_as
    self.create_thumbnail(file_object, saved_path)
  File "/home/ubuntu/.local/lib/python3.8/site-packages/ckeditor_uploader/backends/pillow_backend.py", line 68, in create_thumbnail
    image.thumbnail(THUMBNAIL_SIZE, Image.ANTIALIAS)
AttributeError: module 'PIL.Image' has no attribute 'ANTIALIAS'
[22/Jul/2023 00:18:36] "POST /ckeditor/upload/ HTTP/1.1" 500 97540
[22/Jul/2023 00:19:36] "GET /admin/web/projectmodel/23/change/ HTTP/1.1" 200 21925
[22/Jul/2023 00:19:37] "GET /admin/jsi18n/ HTTP/1.1" 200 8560
[22/Jul/2023 00:19:38] "GET /static/ckeditor/ckeditor/skins/moono/skin.js?t=N2M9 HTTP/1.1" 404 1883
Internal Server Error: /ckeditor/upload/
Traceback (most recent call last):
  File "/home/ubuntu/.local/lib/python3.8/site-packages/django/core/handlers/exception.py", line 55, in inner
    response = get_response(request)
  File "/home/ubuntu/.local/lib/python3.8/site-packages/django/core/handlers/base.py", line 197, in _get_response
    response = wrapped_callback(request, *callback_args, **callback_kwargs)
  File "/home/ubuntu/.local/lib/python3.8/site-packages/django/contrib/auth/decorators.py", line 23, in _wrapper_view
    return view_func(request, *args, **kwargs)
  File "/home/ubuntu/.local/lib/python3.8/site-packages/django/views/decorators/csrf.py", line 56, in wrapper_view
    return view_func(*args, **kwargs)
  File "/home/ubuntu/.local/lib/python3.8/site-packages/django/views/generic/base.py", line 104, in view
    return self.dispatch(request, *args, **kwargs)
  File "/home/ubuntu/.local/lib/python3.8/site-packages/django/views/generic/base.py", line 143, in dispatch
    return handler(request, *args, **kwargs)
  File "/home/ubuntu/.local/lib/python3.8/site-packages/ckeditor_uploader/views.py", line 116, in post
    saved_path = filewrapper.save_as(filepath)
  File "/home/ubuntu/.local/lib/python3.8/site-packages/ckeditor_uploader/backends/pillow_backend.py", line 56, in save_as
    self.create_thumbnail(file_object, saved_path)
  File "/home/ubuntu/.local/lib/python3.8/site-packages/ckeditor_uploader/backends/pillow_backend.py", line 68, in create_thumbnail
    image.thumbnail(THUMBNAIL_SIZE, Image.ANTIALIAS)
AttributeError: module 'PIL.Image' has no attribute 'ANTIALIAS'
[22/Jul/2023 00:19:52] "POST /ckeditor/upload/ HTTP/1.1" 500 97580
Internal Server Error: /ckeditor/upload/
Traceback (most recent call last):
  File "/home/ubuntu/.local/lib/python3.8/site-packages/django/core/handlers/exception.py", line 55, in inner
    response = get_response(request)
  File "/home/ubuntu/.local/lib/python3.8/site-packages/django/core/handlers/base.py", line 197, in _get_response
    response = wrapped_callback(request, *callback_args, **callback_kwargs)
  File "/home/ubuntu/.local/lib/python3.8/site-packages/django/contrib/auth/decorators.py", line 23, in _wrapper_view
    return view_func(request, *args, **kwargs)
  File "/home/ubuntu/.local/lib/python3.8/site-packages/django/views/decorators/csrf.py", line 56, in wrapper_view
    return view_func(*args, **kwargs)
  File "/home/ubuntu/.local/lib/python3.8/site-packages/django/views/generic/base.py", line 104, in view
    return self.dispatch(request, *args, **kwargs)
  File "/home/ubuntu/.local/lib/python3.8/site-packages/django/views/generic/base.py", line 143, in dispatch
    return handler(request, *args, **kwargs)
  File "/home/ubuntu/.local/lib/python3.8/site-packages/ckeditor_uploader/views.py", line 116, in post
    saved_path = filewrapper.save_as(filepath)
  File "/home/ubuntu/.local/lib/python3.8/site-packages/ckeditor_uploader/backends/pillow_backend.py", line 56, in save_as
    self.create_thumbnail(file_object, saved_path)
  File "/home/ubuntu/.local/lib/python3.8/site-packages/ckeditor_uploader/backends/pillow_backend.py", line 68, in create_thumbnail
    image.thumbnail(THUMBNAIL_SIZE, Image.ANTIALIAS)
AttributeError: module 'PIL.Image' has no attribute 'ANTIALIAS'
[22/Jul/2023 00:19:54] "POST /ckeditor/upload/ HTTP/1.1" 500 97580
[22/Jul/2023 00:20:29] "GET /admin/web/projectmodel/ HTTP/1.1" 200 22447
[22/Jul/2023 00:20:30] "GET /admin/jsi18n/ HTTP/1.1" 200 8560
[22/Jul/2023 00:20:32] "GET /admin/web/projectmodel/2/change/ HTTP/1.1" 200 23792
[22/Jul/2023 00:20:33] "GET /admin/jsi18n/ HTTP/1.1" 200 8560
[22/Jul/2023 00:20:33] "GET /static/ckeditor/ckeditor/skins/moono/skin.js?t=N2M9 HTTP/1.1" 404 1883
Not Found: /media/uploads/zhenda/2023/07/22/camera_xhs_1689955809149ce2fe542-eaf4-3fb2-9759-0278064a1743_thumb.jpg
[22/Jul/2023 00:20:35] "GET /media/uploads/zhenda/2023/07/22/camera_xhs_1689955809149ce2fe542-eaf4-3fb2-9759-0278064a1743_thumb.jpg HTTP/1.1" 404 3135
[22/Jul/2023 00:20:35] "GET /admin/web/projectmodel/ HTTP/1.1" 200 22447
[22/Jul/2023 00:20:43] "GET /admin/web/projectmodel/23/change/ HTTP/1.1" 200 21925
[22/Jul/2023 00:20:46] "GET /admin/jsi18n/ HTTP/1.1" 200 8560
[22/Jul/2023 00:20:47] "GET /static/ckeditor/ckeditor/skins/moono/images/hidpi/lock.png HTTP/1.1" 200 1299
[22/Jul/2023 00:20:47] "GET /static/ckeditor/ckeditor/skins/moono/skin.js?t=N2M9 HTTP/1.1" 404 1883
[22/Jul/2023 00:22:22] "GET /media/uploads/zhenda/2023/07/22/camera_xhs_1689955809149ce2fe542-eaf4-3fb2-9759-0278064a1743_7o2qO1k.jpg HTTP/1.1" 200 648194
[22/Jul/2023 00:22:25] "GET /media/uploads/zhenda/2023/07/22/camera_xhs_1689955809149ce2fe542-eaf4-3fb2-9759-0278064a1743_7o2qO1k.jpg HTTP/1.1" 200 648194
[22/Jul/2023 00:23:51] "GET /media/uploads/zhenda/2023/07/22/camera_xhs_1689955809149ce2fe542-eaf4-3fb2-9759-0278064a1743.jpg HTTP/1.1" 200 648194
[22/Jul/2023 00:23:53] "GET /media/uploads/zhenda/2023/07/22/camera_xhs_1689955809149ce2fe542-eaf4-3fb2-9759-0278064a1743.jpg HTTP/1.1" 200 648194
[22/Jul/2023 00:27:35] "GET /media/uploads/zhenda/2023/07/20/171339290_234591941789019_7955615567931651100_n.jpg HTTP/1.1" 200 60046
[22/Jul/2023 00:27:35] "GET /media/uploads/zhenda/2023/07/20/171339290_234591941789019_7955615567931651100_n.jpg HTTP/1.1" 200 60046
[22/Jul/2023 00:29:20] "GET /static/ckeditor/galleriffic/css/loader.gif HTTP/1.1" 200 10453
[22/Jul/2023 00:31:41] "GET /static/ckeditor/ckeditor/skins/moono/images/lock.png HTTP/1.1" 200 475
[22/Jul/2023 00:31:59] "GET /static/ckeditor/ckeditor/skins/moono/images/hidpi/refresh.png HTTP/1.1" 200 1842
Not Found: /media/uploads/zhenda/2023/07/22/camera_xhs_1689955809149ce2fe542-eaf4-3fb2-9759-0278064a1743_7o2qO1k_thumb.jpg
[22/Jul/2023 00:34:19] "GET /media/uploads/zhenda/2023/07/22/camera_xhs_1689955809149ce2fe542-eaf4-3fb2-9759-0278064a1743_7o2qO1k_thumb.jpg HTTP/1.1" 404 3167
[22/Jul/2023 00:34:28] "GET /static/ckeditor/ckeditor/skins/moono/images/close.png HTTP/1.1" 200 468
[22/Jul/2023 00:34:38] "GET /static/ckeditor/ckeditor/skins/moono/images/refresh.png HTTP/1.1" 200 422
[22/Jul/2023 00:34:51] "GET /static/ckeditor/ckeditor/skins/moono/images/hidpi/close.png HTTP/1.1" 200 1271
/www/wwwroot/project-management-system/project_sys/settings.py changed, reloading.
Performing system checks...

System check identified no issues (0 silenced).
July 21, 2023 - 01:48:59
Django version 4.2.3, using settings 'project_sys.settings'
Starting development server at http://0.0.0.0:8100/
Quit the server with CONTROL-C.

Watching for file changes with StatReloader
